ETLAuditLogID,ETLBatchID,ETLControlID,SourceSystem,PipelineName,PipelineTriggerType,LogType,Source,Sink,DeltaDetect,DeltaDetectType,ETLMinValue,ETLMaxValue,SourceQuery,MaxExpression,RowsInserted,RowsUpdated,RowsMarkedAsDeleted,ETLStartTime,ETLEndTime,RunTimeInSecond,FileSizeInBytes,ThroughputInKbps,ActivityID,ActivityName,TableType,LoadType,LoadStatus,ErrorMsg,IsLoadSuccess,IsStageLoaded
1,625,180,CSV,pipe_src_adls_csv,PipelineActivity,ADF,"[{""FileSource"":{""FileServerHostName"":""\\\\brookdev\\AZSynapseDev"",""FileName"":""IEEStatsDaily.csv"",""FileDelimiter"":"","",""FileQuoteCharacter"":""\""""}}]","[{""FileSink"":{""FileRoot"":""dls\\Raw\\CSV"",""FilePath"":""IEEStatsDaily\\2021\\10\\19\\"",""FileName"":""IEEStatsDaily_20211019_233412.parquet""}}]","[{""QueryPredicate"":""lastModified"",""QueryPredicateType"":""Date""}]",Predicate,00:00.0,34:26.2,NULL,MAX(lastModified),112,0,0,34:12.2,35:10.9,58,2991,0.3,2,Audit Log - Completed,Source,Full,Completed,NULL,1,1
2,625,182,CSV,pipe_adls_stage_child,PipelineActivity,ADF,"[{""FileSource"":{""FileRoot"":""dls\\Raw\\CSV"",""FilePath"":""IEEStatsDaily\\2021\\10\\19\\"",""FileName"":""IEEStatsDaily_20211019_233412.parquet""}}]","[{""SQLSink"":{""ServerName"":""syn-ipcdev-dataservices-dev.sql.azuresynapse.net"",""DatabaseName"":""sqldwdataservices"",""SinkSchema"":""CSV"",""SinkTable"":""IEEStatsDaily""}}]","[{""No delta detect mechanism at source"":""""}]",NULL,NULL,39:29.5,NULL,NULL,0,56,0,35:43.0,39:49.9,246,NULL,NULL,2,Audit Log - Completed,Stage,Full,Completed,NULL,1,1
3,626,180,CSV,pipe_src_adls_csv,PipelineActivity,ADF,"[{""FileSource"":{""FileServerHostName"":""\\\\brookdev\\AZSynapseDev"",""FileName"":""IEEStatsDaily.csv"",""FileDelimiter"":"","",""FileQuoteCharacter"":""\""""}}]","[{""FileSink"":{""FileRoot"":""dls\\Raw\\CSV"",""FilePath"":""IEEStatsDaily\\2021\\10\\19\\"",""FileName"":""IEEStatsDaily_20211019_234636.parquet""}}]","[{""QueryPredicate"":""lastModified"",""QueryPredicateType"":""Date""}]",Predicate,00:00.0,46:47.4,NULL,MAX(lastModified),112,0,0,46:36.5,47:19.3,43,2991,0.49,2,Audit Log - Completed,Source,Full,Completed,NULL,1,1
4,626,182,CSV,pipe_adls_stage_child,PipelineActivity,ADF,"[{""FileSource"":{""FileRoot"":""dls\\Raw\\CSV"",""FilePath"":""IEEStatsDaily\\2021\\10\\19\\"",""FileName"":""IEEStatsDaily_20211019_234636.parquet""}}]","[{""SQLSink"":{""ServerName"":""syn-ipcdev-dataservices-dev.sql.azuresynapse.net"",""DatabaseName"":""sqldwdataservices"",""SinkSchema"":""CSV"",""SinkTable"":""IEEStatsDaily""}}]","[{""No delta detect mechanism at source"":""""}]",NULL,NULL,51:36.7,NULL,NULL,112,0,0,47:44.0,52:04.3,260,NULL,NULL,2,Audit Log - Completed,Stage,Full,Completed,NULL,1,1
5,627,180,CSV,pipe_src_adls_csv,PipelineActivity,ADF,"[{""FileSource"":{""FileServerHostName"":""\\\\brookdev\\AZSynapseDev"",""FileName"":""IEEStatsDaily.csv"",""FileDelimiter"":"","",""FileQuoteCharacter"":""\""""}}]","[{""FileSink"":{""FileRoot"":""dls\\Raw\\CSV"",""FilePath"":""IEEStatsDaily\\2021\\10\\19\\"",""FileName"":""IEEStatsDaily_20211019_235248.parquet""}}]","[{""QueryPredicate"":""lastModified"",""QueryPredicateType"":""Date""}]",Predicate,10/19/2021 23:46,53:24.2,NULL,MAX(lastModified),0,0,0,52:48.3,53:45.4,57,0,0,2,Audit Log - Completed,Source,Incremental,Completed,NULL,1,1
6,628,180,CSV,pipe_src_adls_csv,PipelineActivity,ADF,"[{""FileSource"":{""FileServerHostName"":""\\\\brookdev\\AZSynapseDev"",""FileName"":""IEEStatsDaily.csv"",""FileDelimiter"":"","",""FileQuoteCharacter"":""\""""}}]","[{""FileSink"":{""FileRoot"":""dls\\Raw\\CSV"",""FilePath"":"""",""FileName"":""No New Files""}}]","[{""QueryPredicate"":""lastModified"",""QueryPredicateType"":""Date""}]",Predicate,10/19/2021 23:53,02:19.5,NULL,MAX(lastModified),0,0,0,02:02.8,02:47.1,45,0,0,2,Audit Log - Completed,Source,Incremental,Completed,NULL,1,1
7,630,201,UTIL,pipe_src_adls_csv,Manual,ADF,"[{""FileSource"":{""FileServerHostName"":""\\\\brookdev\\AZSynapseDev"",""FileName"":""MeterReadBillSchedule.csv"",""FileDelimiter"":"","",""FileQuoteCharacter"":""\""""}}]","[{""FileSink"":{""FileRoot"":""dls\\Raw\\UTIL"",""FilePath"":""MeterReadBillSchedule\\2021\\10\\20\\"",""FileName"":""MeterReadBillSchedule_20211020_212227.parquet""}}]","[{""No delta detect mechanism at source"":""""}]",NULL,NULL,22:39.9,NULL,0,2016,0,0,22:27.3,23:38.2,71,49815,5.52,2,Audit Log - Completed,Source,Full,Completed,NULL,1,1
8,630,199,UTIL,pipe_src_adls_csv,Manual,ADF,"[{""FileSource"":{""FileServerHostName"":""\\\\brookdev\\AZSynapseDev"",""FileName"":""DatetimeReference.csv"",""FileDelimiter"":"","",""FileQuoteCharacter"":""\""""}}]","[{""FileSink"":{""FileRoot"":""dls\\Raw\\UTIL"",""FilePath"":""DatetimeReference\\2021\\10\\20\\"",""FileName"":""DatetimeReference_20211020_212227.parquet""}}]","[{""No delta detect mechanism at source"":""""}]",NULL,NULL,22:41.1,NULL,0,271752,0,0,22:27.3,23:17.7,50,4123852,1360.14,2,Audit Log - Completed,Source,Full,Completed,NULL,1,1
9,-1,200,UTIL,pipe_adls_stage_child,PipelineActivity,ADF,"[{""FileSource"":{""FileRoot"":""dls\\Raw\\UTIL"",""FilePath"":""DatetimeReference\\2021\\10\\20\\"",""FileName"":""DatetimeReference_20211020_212227.parquet""}}]","[{""SQLSink"":{""ServerName"":""syn-ipcdev-dataservices-dev.sql.azuresynapse.net"",""DatabaseName"":""sqldwdataservices"",""SinkSchema"":""UTIL"",""SinkTable"":""DatetimeReference""}}]","[{""No delta detect mechanism at source"":""""}]",NULL,NULL,29:37.9,NULL,NULL,0,0,0,25:17.0,30:00.8,283,NULL,NULL,2,Audit Log - Completed,Stage,Full,Completed,NULL,1,1
10,-1,202,UTIL,pipe_adls_stage_child,PipelineActivity,ADF,"[{""FileSource"":{""FileRoot"":""dls\\Raw\\UTIL"",""FilePath"":""MeterReadBillSchedule\\2021\\10\\20\\"",""FileName"":""MeterReadBillSchedule_20211020_212227.parquet""}}]","[{""SQLSink"":{""ServerName"":""syn-ipcdev-dataservices-dev.sql.azuresynapse.net"",""DatabaseName"":""sqldwdataservices"",""SinkSchema"":""UTIL"",""SinkTable"":""MeterReadBillSchedule""}}]","[{""No delta detect mechanism at source"":""""}]",NULL,NULL,34:24.7,NULL,NULL,2016,0,0,30:24.0,34:45.4,261,NULL,NULL,2,Audit Log - Completed,Stage,Full,Completed,NULL,1,1
11,632,196,MDW,pipe_src_adls_sql,Manual,ADF,"[{""SQLSource"":{""ServerName"":""MDWTest"",""DatabaseName"":""EDW_Foundation"",""SchemaName"":""dbo"",""TableName"":""Meter_Channel_Change_Dates_Daily""}}]","[{""FileSink"":{""FileRoot"":""dls\\Raw\\MDW"",""FilePath"":""Meter_Channel_Change_Dates_Daily\\2021\\10\\20\\"",""FileName"":""Meter_Channel_Change_Dates_Daily_20211020_213723.parquet""}}]","[{""No delta detect mechanism at source"":""""}]",NULL,NULL,38:08.8,"SELECT [SDP_ID], [Meter_Read_Dttm_New_Start], [Meter_Read_Date_Local_New_Start], [Load_Ts] FROM dbo.[Meter_Channel_Change_Dates_Daily] s",0,540300,0,0,37:23.5,38:40.8,77,5309489,938.02,2,Audit Log - Completed,Source,Full,Completed,NULL,1,1
12,632,195,MDW,pipe_src_adls_sql,Manual,ADF,"[{""SQLSource"":{""ServerName"":""MDWTest"",""DatabaseName"":""EDW_Foundation"",""SchemaName"":""dbo"",""TableName"":""Meter_Channel_Change_Dates""}}]","[{""FileSink"":{""FileRoot"":""dls\\Raw\\MDW"",""FilePath"":""Meter_Channel_Change_Dates\\2021\\10\\20\\"",""FileName"":""Meter_Channel_Change_Dates_20211020_213723.parquet""}}]","[{""No delta detect mechanism at source"":""""}]",NULL,NULL,38:09.8,"SELECT [SDP_ID], [Meter_Read_Dttm_New_Start], [Meter_Read_Date_Local_New_Start], [Load_Ts] FROM dbo.[Meter_Channel_Change_Dates] s",0,540300,0,0,37:23.5,38:35.2,72,5310209,1534.94,2,Audit Log - Completed,Source,Full,Completed,NULL,1,1
13,-1,198,MDW,pipe_adls_stage_child,PipelineActivity,ADF,"[{""FileSource"":{""FileRoot"":""dls\\Raw\\MDW"",""FilePath"":""Meter_Channel_Change_Dates\\2021\\10\\20\\"",""FileName"":""Meter_Channel_Change_Dates_20211020_213723.parquet""}}]","[{""SQLSink"":{""ServerName"":""syn-ipcdev-dataservices-dev.sql.azuresynapse.net"",""DatabaseName"":""sqldwdataservices"",""SinkSchema"":""MDW"",""SinkTable"":""Meter_Channel_Change_Dates""}}]","[{""No delta detect mechanism at source"":""""}]",NULL,NULL,45:29.4,NULL,NULL,540300,0,0,41:08.0,45:53.3,285,NULL,NULL,2,Audit Log - Completed,Stage,Full,Completed,NULL,1,1
14,-1,197,MDW,pipe_adls_stage_child,PipelineActivity,ADF,"[{""FileSource"":{""FileRoot"":""dls\\Raw\\MDW"",""FilePath"":""Meter_Channel_Change_Dates_Daily\\2021\\10\\20\\"",""FileName"":""Meter_Channel_Change_Dates_Daily_20211020_213723.parquet""}}]","[{""SQLSink"":{""ServerName"":""syn-ipcdev-dataservices-dev.sql.azuresynapse.net"",""DatabaseName"":""sqldwdataservices"",""SinkSchema"":""MDW"",""SinkTable"":""Meter_Channel_Change_Dates_Daily""}}]","[{""No delta detect mechanism at source"":""""}]",NULL,NULL,51:00.2,NULL,NULL,540300,0,0,46:10.0,51:21.2,311,NULL,NULL,2,Audit Log - Completed,Stage,Full,Completed,NULL,1,1
15,636,201,UTIL,pipe_src_adls_csv,PipelineActivity,ADF,"[{""FileSource"":{""FileServerHostName"":""\\\\brookdev\\AZSynapseDev"",""FileName"":""MeterReadBillSchedule.csv"",""FileDelimiter"":"","",""FileQuoteCharacter"":""\""""}}]","[{""FileSink"":{""FileRoot"":""dls\\Raw\\UTIL"",""FilePath"":""MeterReadBillSchedule\\2021\\10\\21\\"",""FileName"":""MeterReadBillSchedule_20211021_180123.parquet""}}]","[{""No delta detect mechanism at source"":""""}]",NULL,NULL,01:36.3,NULL,0,2016,0,0,01:23.1,03:40.4,137,49815,12.74,2,Audit Log - Completed,Source,Full,Completed,NULL,1,1
16,636,199,UTIL,pipe_src_adls_csv,PipelineActivity,ADF,"[{""FileSource"":{""FileServerHostName"":""\\\\brookdev\\AZSynapseDev"",""FileName"":""DatetimeReference.csv"",""FileDelimiter"":"","",""FileQuoteCharacter"":""\""""}}]","[{""FileSink"":{""FileRoot"":""dls\\Raw\\UTIL"",""FilePath"":""DatetimeReference\\2021\\10\\21\\"",""FileName"":""DatetimeReference_20211021_180123.parquet""}}]","[{""No delta detect mechanism at source"":""""}]",NULL,NULL,01:38.8,NULL,0,271752,0,0,01:23.1,03:40.4,137,4123852,1360.14,2,Audit Log - Completed,Source,Full,Completed,NULL,1,1
17,636,200,UTIL,pipe_adls_stage_child,PipelineActivity,ADF,"[{""FileSource"":{""FileRoot"":""dls\\Raw\\UTIL"",""FilePath"":""DatetimeReference\\2021\\10\\21\\"",""FileName"":""DatetimeReference_20211021_180123.parquet""}}]","[{""SQLSink"":{""ServerName"":""syn-ipcdev-dataservices-dev.sql.azuresynapse.net"",""DatabaseName"":""sqldwdataservices"",""SinkSchema"":""UTIL"",""SinkTable"":""DatetimeReference""}}]","[{""No delta detect mechanism at source"":""""}]",NULL,NULL,08:17.9,NULL,NULL,0,0,0,04:14.0,08:58.6,284,NULL,NULL,2,Audit Log - Completed,Stage,Full,Completed,NULL,1,1
18,636,202,UTIL,pipe_adls_stage_child,PipelineActivity,ADF,"[{""FileSource"":{""FileRoot"":""dls\\Raw\\UTIL"",""FilePath"":""MeterReadBillSchedule\\2021\\10\\21\\"",""FileName"":""MeterReadBillSchedule_20211021_180123.parquet""}}]","[{""SQLSink"":{""ServerName"":""syn-ipcdev-dataservices-dev.sql.azuresynapse.net"",""DatabaseName"":""sqldwdataservices"",""SinkSchema"":""UTIL"",""SinkTable"":""MeterReadBillSchedule""}}]","[{""No delta detect mechanism at source"":""""}]",NULL,NULL,12:36.5,NULL,NULL,2016,0,0,09:09.0,13:08.7,239,NULL,NULL,2,Audit Log - Completed,Stage,Full,Completed,NULL,1,1
19,641,201,UTIL,pipe_src_adls_csv,PipelineActivity,ADF,"[{""FileSource"":{""FileServerHostName"":""\\\\brookdev\\AZSynapseDev"",""FileName"":""MeterReadBillSchedule.csv"",""FileDelimiter"":"","",""FileQuoteCharacter"":""\""""}}]","[{""FileSink"":{""FileRoot"":""dls\\Raw\\UTIL"",""FilePath"":""MeterReadBillSchedule\\2021\\10\\21\\"",""FileName"":""MeterReadBillSchedule_20211021_191242.parquet""}}]","[{""No delta detect mechanism at source"":""""}]",NULL,NULL,12:53.4,NULL,0,2016,0,0,12:42.9,13:25.2,43,49815,18.4,2,Audit Log - Completed,Source,Full,Completed,NULL,1,1
20,641,199,UTIL,pipe_src_adls_csv,PipelineActivity,ADF,"[{""FileSource"":{""FileServerHostName"":""\\\\brookdev\\AZSynapseDev"",""FileName"":""DatetimeReference.csv"",""FileDelimiter"":"","",""FileQuoteCharacter"":""\""""}}]","[{""FileSink"":{""FileRoot"":""dls\\Raw\\UTIL"",""FilePath"":""DatetimeReference\\2021\\10\\21\\"",""FileName"":""DatetimeReference_20211021_191242.parquet""}}]","[{""No delta detect mechanism at source"":""""}]",NULL,NULL,12:53.5,NULL,0,271752,0,0,12:42.9,13:29.6,47,4123852,1360.14,2,Audit Log - Completed,Source,Full,Completed,NULL,1,1
21,641,200,UTIL,pipe_adls_stage_child,PipelineActivity,ADF,"[{""FileSource"":{""FileRoot"":""dls\\Raw\\UTIL"",""FilePath"":""DatetimeReference\\2021\\10\\21\\"",""FileName"":""DatetimeReference_20211021_191242.parquet""}}]","[{""SQLSink"":{""ServerName"":""syn-ipcdev-dataservices-dev.sql.azuresynapse.net"",""DatabaseName"":""sqldwdataservices"",""SinkSchema"":""UTIL"",""SinkTable"":""DatetimeReference""}}]","[{""No delta detect mechanism at source"":""""}]",NULL,NULL,19:09.4,NULL,NULL,0,0,0,14:07.0,19:33.2,326,NULL,NULL,2,Audit Log - Completed,Stage,Full,Completed,NULL,1,1
22,641,202,UTIL,pipe_adls_stage_child,PipelineActivity,ADF,"[{""FileSource"":{""FileRoot"":""dls\\Raw\\UTIL"",""FilePath"":""MeterReadBillSchedule\\2021\\10\\21\\"",""FileName"":""MeterReadBillSchedule_20211021_191242.parquet""}}]","[{""SQLSink"":{""ServerName"":""syn-ipcdev-dataservices-dev.sql.azuresynapse.net"",""DatabaseName"":""sqldwdataservices"",""SinkSchema"":""UTIL"",""SinkTable"":""MeterReadBillSchedule""}}]","[{""No delta detect mechanism at source"":""""}]",NULL,NULL,23:48.2,NULL,NULL,2016,0,0,19:43.0,24:07.0,264,NULL,NULL,2,Audit Log - Completed,Stage,Full,Completed,NULL,1,1
23,642,43,EDWStaging,pipe_src_adls_sql,PipelineActivity,ADF,"[{""SQLSource"":{""ServerName"":""EDWTest"",""DatabaseName"":""Staging"",""SchemaName"":""dbo"",""TableName"":""\/BIC\/OHZDM_D24""}}]","[{""FileSink"":{""FileRoot"":""dls\\Raw\\EDWStaging"",""FilePath"":""BIC_OHZDM_D24\\2021\\10\\22\\"",""FileName"":""BIC_OHZDM_D24_20211022_174203.parquet""}}]","[{""No delta detect mechanism at source"":""""}]",NULL,NULL,42:20.6,"SELECT [OHREQUID], [DATAPAKID], [RECORD], [UC_DEVLOC], [DATETO], [UCBILLFACT], [DATEFROM], [LOAD_DATE], [Load_Ts], [Ses_Load_Id] FROM dbo.[/BIC/OHZDM_D24] s",0,24070,0,0,42:03.2,43:41.9,98,489394,303.06,2,Audit Log - Completed,Source,Full,Completed,NULL,1,1
24,642,144,EDWStaging,pipe_adls_stage_child,PipelineActivity,ADF,"[{""FileSource"":{""FileRoot"":""dls\\Raw\\EDWStaging"",""FilePath"":""BIC_OHZDM_D24\\2021\\10\\22\\"",""FileName"":""BIC_OHZDM_D24_20211022_174203.parquet""}}]","[{""SQLSink"":{""ServerName"":""syn-ipcdev-dataservices-dev.sql.azuresynapse.net"",""DatabaseName"":""sqldwdataservices"",""SinkSchema"":""EDWStaging"",""SinkTable"":""BIC_OHZDM_D24""}}]","[{""No delta detect mechanism at source"":""""}]",NULL,NULL,50:20.0,NULL,NULL,24070,0,0,46:00.0,50:54.8,294,NULL,NULL,2,Audit Log - Completed,Stage,Full,Completed,NULL,1,1
25,644,180,CSV,pipe_src_adls_csv,Manual,ADF,"[{""FileSource"":{""FileServerHostName"":""\\\\brookdev\\AZSynapseDev"",""FileName"":""IEEStatsDaily.csv"",""FileDelimiter"":"","",""FileQuoteCharacter"":""\""""}}]","[{""FileSink"":{""FileRoot"":""dls\\Raw\\CSV"",""FilePath"":""IEEStatsDaily\\2021\\10\\22\\"",""FileName"":""IEEStatsDaily_20211022_200115.parquet""}}]","[{""QueryPredicate"":""lastModified"",""QueryPredicateType"":""Date""}]",Predicate,10/20/2021 0:02,01:38.9,NULL,MAX(lastModified),112,0,0,01:15.0,03:36.8,141,3033,0.39,2,Audit Log - Completed,Source,Incremental,Completed,NULL,1,1
26,-1,182,CSV,pipe_adls_stage_child,Manual,ADF,"[{""FileSource"":{""FileRoot"":""dls\\Raw\\CSV"",""FilePath"":""IEEStatsDaily\\2021\\10\\22\\"",""FileName"":""IEEStatsDaily_20211022_200115.parquet""}}]","[{""SQLSink"":{""ServerName"":""syn-ipcdev-dataservices-dev.sql.azuresynapse.net"",""DatabaseName"":""sqldwdataservices"",""SinkSchema"":""CSV"",""SinkTable"":""IEEStatsDaily""}}]","[{""No delta detect mechanism at source"":""""}]",NULL,NULL,29:34.5,NULL,NULL,0,0,0,29:24.0,NULL,NULL,NULL,NULL,1,Audit Log - Started,Stage,Full,Started,NULL,0,1
27,-1,182,CSV,pipe_adls_stage_child,Manual,ADF,"[{""FileSource"":{""FileRoot"":""dls\\Raw\\CSV"",""FilePath"":""IEEStatsDaily\\2021\\10\\22\\"",""FileName"":""IEEStatsDaily_20211022_200115.parquet""}}]","[{""SQLSink"":{""ServerName"":""syn-ipcdev-dataservices-dev.sql.azuresynapse.net"",""DatabaseName"":""sqldwdataservices"",""SinkSchema"":""CSV"",""SinkTable"":""IEEStatsDaily""}}]","[{""No delta detect mechanism at source"":""""}]",NULL,NULL,37:48.0,NULL,NULL,0,0,0,37:37.0,45:22.9,465,NULL,NULL,3,Audit Log - Failed,Stage,Full,Failed,"ErrorCode=UserErrorColumnMappingInvalid,'Type=Microsoft.DataTransfer.Common.Shared.HybridDeliveryException,Message=Column name ChannelNumber is defined in source side but not found in table schema.,Source=Microsoft.DataTransfer.ClientLibrary,'",0,1
28,649,43,EDWStaging,pipe_src_adls_sql,PipelineActivity,ADF,"[{""SQLSource"":{""ServerName"":""EDWTest"",""DatabaseName"":""Staging"",""SchemaName"":""dbo"",""TableName"":""\/BIC\/OHZDM_D24""}}]","[{""FileSink"":{""FileRoot"":""dls\\Raw\\EDWStaging"",""FilePath"":""BIC_OHZDM_D24\\2021\\10\\22\\"",""FileName"":""BIC_OHZDM_D24_20211022_213216.parquet""}}]","[{""No delta detect mechanism at source"":""""}]",NULL,NULL,32:34.8,"SELECT [OHREQUID], [DATAPAKID], [RECORD], [UC_DEVLOC], [DATETO], [UCBILLFACT], [DATEFROM], [LOAD_DATE], [Load_Ts], [Ses_Load_Id] FROM dbo.[/BIC/OHZDM_D24] s",0,24070,0,0,32:16.1,33:03.2,47,489394,247.96,2,Audit Log - Completed,Source,Full,Completed,NULL,1,1
29,649,144,EDWStaging,pipe_adls_stage_child,PipelineActivity,ADF,"[{""FileSource"":{""FileRoot"":""dls\\Raw\\EDWStaging"",""FilePath"":""BIC_OHZDM_D24\\2021\\10\\22\\"",""FileName"":""BIC_OHZDM_D24_20211022_213216.parquet""}}]","[{""SQLSink"":{""ServerName"":""syn-ipcdev-dataservices-dev.sql.azuresynapse.net"",""DatabaseName"":""sqldwdataservices"",""SinkSchema"":""EDWStaging"",""SinkTable"":""BIC_OHZDM_D24""}}]","[{""No delta detect mechanism at source"":""""}]",NULL,NULL,38:46.3,NULL,NULL,0,0,0,38:36.0,NULL,NULL,NULL,NULL,1,Audit Log - Started,Stage,Full,Started,NULL,0,1
33,-1,144,EDWStaging,pipe_adls_stage_child,PipelineActivity,ADF,"[{""FileSource"":{""FileRoot"":""dls\\Raw\\EDWStaging"",""FilePath"":""BIC_OHZDM_D24\\2021\\10\\22\\"",""FileName"":""BIC_OHZDM_D24_20211022_213216.parquet""}}]","[{""SQLSink"":{""ServerName"":""syn-ipcdev-dataservices-dev.sql.azuresynapse.net"",""DatabaseName"":""sqldwdataservices"",""SinkSchema"":""EDWStaging"",""SinkTable"":""BIC_OHZDM_D24""}}]","[{""No delta detect mechanism at source"":""""}]",NULL,NULL,43:24.2,NULL,NULL,0,0,0,43:15.0,NULL,NULL,NULL,NULL,1,Audit Log - Started,Stage,Full,Started,NULL,0,1
34,100,144,EDWStaging,pipe_adls_stage_child,PipelineActivity,ADF,"[{""FileSource"":{""FileRoot"":""dls\\Raw\\EDWStaging"",""FilePath"":""BIC_OHZDM_D24\\2021\\10\\22\\"",""FileName"":""BIC_OHZDM_D24_20211022_213216.parquet""}}]","[{""SQLSink"":{""ServerName"":""syn-ipcdev-dataservices-dev.sql.azuresynapse.net"",""DatabaseName"":""sqldwdataservices"",""SinkSchema"":""EDWStaging"",""SinkTable"":""BIC_OHZDM_D24""}}]","[{""No delta detect mechanism at source"":""""}]",NULL,NULL,52:11.1,NULL,NULL,0,0,0,51:59.0,59:35.8,456,NULL,NULL,3,Audit Log - Failed,Stage,Full,Failed,"[{""Code"":22301,""Message"":""ErrorCode=SqlOperationFailed,'Type=Microsoft.DataTransfer.Common.Shared.HybridDeliveryException,Message=A database operation failed with the following error: 'Invalid object name 'EDWStaging.BIC_OHZDM_D24'.',Source=,''Type=System.Data.SqlClient.SqlException,Message=Invalid object name 'EDWStaging.BIC_OHZDM_D24'.,Source=.Net SqlClient Data Provider,SqlErrorNumber=208,Class=16,ErrorCode=-2146232060,State=1,Errors=[{Class=16,Number=208,State=1,Message=Invalid object name 'EDWStaging.BIC_OHZDM_D24'.,},],'"",""EventType"":0,""Category"":5,""Data"":{""FailedDbOperation"":""Invalid object name 'EDWStaging.BIC_OHZDM_D24'."",""ServerName"":""syn-ipcdev-dataservices-dev.sql.azuresynapse.net"",""SqlErrorNumber"":""208"",""SqlErrors"":""[{\""Source\"":\"".Net SqlClient Data Provider\"",\""Number\"":208,\""State\"":1,\""Class\"":16,\""Server\"":\""syn-ipcdev-dataservices-dev.sql.azuresynapse.net\"",\""Message\"":\""Invalid object name 'EDWStaging.BIC_OHZDM_D24'.\"",\""Procedure\"":\""\"",\""LineNumber\"":1}]"",""SqlClientConnectionId"":""5dd3fe50-bb42-4941-ba32-1e10d52f928c""},""MsgId"":null,""ExceptionType"":null,""Source"":null,""StackTrace"":null,""InnerEventInfos"":[]}]",0,1
35,100,144,EDWStaging,pipe_adls_stage_child,PipelineActivity,ADF,"[{""FileSource"":{""FileRoot"":""dls\\Raw\\EDWStaging"",""FilePath"":""BIC_OHZDM_D24\\2021\\10\\22\\"",""FileName"":""BIC_OHZDM_D24_20211022_213216.parquet""}}]","[{""SQLSink"":{""ServerName"":""syn-ipcdev-dataservices-dev.sql.azuresynapse.net"",""DatabaseName"":""sqldwdataservices"",""SinkSchema"":""EDWStaging"",""SinkTable"":""BIC_OHZDM_D24""}}]","[{""No delta detect mechanism at source"":""""}]",NULL,NULL,01:40.8,NULL,NULL,24070,0,0,01:27.0,05:44.7,257,NULL,NULL,2,Audit Log - Completed,Stage,Full,Completed,NULL,1,1
36,-1,182,CSV,pipe_adls_stage_child,Manual,ADF,"[{""FileSource"":{""FileRoot"":""dls\\Raw\\CSV"",""FilePath"":""IEEStatsDaily\\2021\\10\\22\\"",""FileName"":""IEEStatsDaily_20211022_200115.parquet""}}]","[{""SQLSink"":{""ServerName"":""syn-ipcdev-dataservices-dev.sql.azuresynapse.net"",""DatabaseName"":""sqldwdataservices"",""SinkSchema"":""CSV"",""SinkTable"":""IEEStatsDaily""}}]","[{""No delta detect mechanism at source"":""""}]",NULL,NULL,05:52.8,NULL,NULL,0,0,0,05:41.0,15:56.2,615,NULL,NULL,3,Audit Log - Failed,Stage,Full,Failed,"[{""Code"":9040,""Message"":""ErrorCode=UserErrorColumnMappingInvalid,'Type=Microsoft.DataTransfer.Common.Shared.HybridDeliveryException,Message=Column name ChannelNumber is defined in source side but not found in table schema.,Source=Microsoft.DataTransfer.ClientLibrary,'"",""EventType"":0,""Category"":5,""Data"":{},""MsgId"":null,""ExceptionType"":null,""Source"":null,""StackTrace"":null,""InnerEventInfos"":[]}]",0,1
37,655,43,EDWStaging,pipe_src_adls_sql,Manual,ADF,"[{""SQLSource"":{""ServerName"":""EDWTest"",""DatabaseName"":""Staging"",""SchemaName"":""dbo"",""TableName"":""\/BIC\/OHZDM_D24""}}]","[{""FileSink"":{""FileRoot"":""dls\\Raw\\EDWStaging"",""FilePath"":""BIC_OHZDM_D24\\2021\\10\\26\\"",""FileName"":""BIC_OHZDM_D24_20211026_202851.parquet""}}]","[{""No delta detect mechanism at source"":""""}]",NULL,NULL,29:28.9,"SELECT [OHREQUID], [DATAPAKID], [RECORD], [UC_DEVLOC], [DATETO], [UCBILLFACT], [DATEFROM], [LOAD_DATE], [Load_Ts], [Ses_Load_Id] FROM dbo.[/BIC/OHZDM_D24] s",0,24070,0,0,28:52.0,31:14.2,143,489394,272.76,2,Audit Log - Completed,Source,Full,Completed,NULL,1,1
38,-1,144,EDWStaging,pipe_adls_stage_child,PipelineActivity,ADF,"[{""FileSource"":{""FileRoot"":""dls\\Raw\\EDWStaging"",""FilePath"":""BIC_OHZDM_D24\\2021\\10\\26\\"",""FileName"":""BIC_OHZDM_D24_20211026_202851.parquet""}}]","[{""SQLSink"":{""ServerName"":""syn-ipcdev-dataservices-dev.sql.azuresynapse.net"",""DatabaseName"":""sqldwdataservices"",""SinkSchema"":""EDWStaging"",""SinkTable"":""BIC_OHZDM_D24""}}]","[{""No delta detect mechanism at source"":""""}]",NULL,NULL,32:52.9,NULL,NULL,24070,0,0,32:38.0,37:05.5,267,NULL,NULL,2,Audit Log - Completed,Stage,Full,Completed,NULL,1,1
39,-1,188,Multi,pipe_load_dimension,Manual,ADF,"[{""SQLSource"":{""ServerName"":""syn-ipcdev-dataservices-dev.sql.azuresynapse.net"",""DatabaseName"":""sqldwdataservices"",""SchemaName"":""Stage"",""TableName"":""Stage.vwSrcDimMultiplier""}}]","[{""SQLSink"":{""ServerName"":""syn-ipcdev-dataservices-dev.sql.azuresynapse.net"",""DatabaseName"":""sqldwdataservices"",""SinkSchema"":""EDW"",""SinkTable"":""DimMultiplier""}}]","[{""QueryPredicate"":""ETLModifiedDate"",""QueryPredicateType"":""Date""}]",Predicate,1/1/1900 0:00,40:32.0,"   SELECT       ServicePointID          ,MultiplierNumber          ,MultiplierFromDate          ,MultiplierThruDate          ,IsLegacyRow        ,IsCurrent          ,SourceSystemName       ,ETLModifiedDate       ,HashValue         FROM  STAGE.vwSrcDimMultiplier    WHERE     ETLModifiedDate > 'Oct 26 2021  8:07PM' AND ETLModifiedDate <= 'Oct 26 2021  8:40PM'",NULL,0,0,0,39:58.0,41:02.3,64,NULL,NULL,2,Audit Log - Completed,Dimension,Incremental,Completed,NULL,1,1
40,658,43,EDWStaging,pipe_src_adls_sql,Manual,ADF,"[{""SQLSource"":{""ServerName"":""EDWTest"",""DatabaseName"":""Staging"",""SchemaName"":""dbo"",""TableName"":""\/BIC\/OHZDM_D24""}}]","[{""FileSink"":{""FileRoot"":""dls\\Raw\\EDWStaging"",""FilePath"":""BIC_OHZDM_D24\\2021\\10\\26\\"",""FileName"":""BIC_OHZDM_D24_20211026_220813.parquet""}}]","[{""No delta detect mechanism at source"":""""}]",NULL,NULL,08:35.3,"SELECT [OHREQUID], [DATAPAKID], [RECORD], [UC_DEVLOC], [DATETO], [UCBILLFACT], [DATEFROM], [LOAD_DATE], [Load_Ts], [Ses_Load_Id] FROM dbo.[/BIC/OHZDM_D24] s",0,24070,0,0,08:13.6,10:19.1,126,489394,181.84,2,Audit Log - Completed,Source,Full,Completed,NULL,1,1
41,-1,144,EDWStaging,pipe_adls_stage_child,PipelineActivity,ADF,"[{""FileSource"":{""FileRoot"":""dls\\Raw\\EDWStaging"",""FilePath"":""BIC_OHZDM_D24\\2021\\10\\26\\"",""FileName"":""BIC_OHZDM_D24_20211026_220813.parquet""}}]","[{""SQLSink"":{""ServerName"":""syn-ipcdev-dataservices-dev.sql.azuresynapse.net"",""DatabaseName"":""sqldwdataservices"",""SinkSchema"":""EDWStaging"",""SinkTable"":""BIC_OHZDM_D24""}}]","[{""No delta detect mechanism at source"":""""}]",NULL,NULL,44:53.5,NULL,NULL,24070,0,0,44:41.0,49:10.3,269,NULL,NULL,2,Audit Log - Completed,Stage,Full,Completed,NULL,1,1
42,660,173,TNS,pipe_src_adls_tns,PipelineActivity,ADF,"[{""SQLSource"":{""DatabaseName"":""AMI"",""SchemaName"":""DCSI"",""TableName"":""SERIALNUMBER""}}]","[{""FileSink"":{""FileRoot"":""dls\\Raw\\TNS"",""FilePath"":""SERIALNUMBER\\2021\\10\\27\\"",""FileName"":""SERIALNUMBER_20211027_132629.parquet""}}]","[{""No delta detect mechanism at source"":""""}]",NULL,NULL,26:51.8,SELECT *  FROM DCSI.SERIALNUMBER,0,621684,0,0,26:29.9,29:07.7,158,44270154,3181.44,2,Audit Log - Completed,Source,Full,Completed,NULL,1,1
43,660,174,TNS,pipe_src_adls_tns,PipelineActivity,ADF,"[{""SQLSource"":{""DatabaseName"":""AMI"",""SchemaName"":""DCSI"",""TableName"":""METER_BLINK_COUNTS""}}]","[{""FileSink"":{""FileRoot"":""dls\\Raw\\TNS"",""FilePath"":""METER_BLINK_COUNTS\\2021\\10\\27\\"",""FileName"":""METER_BLINK_COUNTS_20211027_132629.parquet""}}]","[{""No delta detect mechanism at source"":""""}]",NULL,NULL,26:53.0,SELECT *  FROM DCSI.METER_BLINK_COUNTS,0,4580810,0,0,26:29.9,29:07.8,158,66141108,2130.21,2,Audit Log - Completed,Source,Full,Completed,NULL,1,1
44,660,5,EDWFoundation,pipe_src_adls_sql,PipelineActivity,ADF,"[{""SQLSource"":{""ServerName"":""EDWTest"",""DatabaseName"":""Foundation"",""SchemaName"":""dbo"",""TableName"":""FFee_Muni""}}]","[{""FileSink"":{""FileRoot"":""dls\\Raw\\EDWFoundation"",""FilePath"":""FFee_Muni\\2021\\10\\27\\"",""FileName"":""FFee_Muni_20211027_132637.parquet""}}]","[{""No delta detect mechanism at source"":""""}]",NULL,NULL,26:55.0,"SELECT [FFee_Muni_Cd], [FFee_Muni_Name], [Load_Ts], [Ses_Load_ID], [Delta_Val] FROM dbo.[FFee_Muni] s",0,225,0,0,26:37.8,28:53.2,136,12510,2.21,2,Audit Log - Completed,Source,Full,Completed,NULL,1,1
45,660,8,EDWFoundation,pipe_src_adls_sql,PipelineActivity,ADF,"[{""SQLSource"":{""ServerName"":""EDWTest"",""DatabaseName"":""Foundation"",""SchemaName"":""dbo"",""TableName"":""Address""}}]","[{""FileSink"":{""FileRoot"":""dls\\Raw\\EDWFoundation"",""FilePath"":""Address\\2021\\10\\27\\"",""FileName"":""Address_20211027_132637.parquet""}}]","[{""CurrentVersion"":""CHANGE_TRACKING_CURRENT_VERSION()""}]",ChangeTracking,0,17,"SELECT ct.[Addr_DW_ID], s.[Addr_Src_ID], s.[Cntry_Cd], s.[State_or_Province_Cd], s.[City_ID], s.[Region_Cd], s.[Geo_Area_Cd], s.[Cnty_Cd], s.[Postal_Cd], s.[St_Nbr], s.[St_Addr], s.[Apt_Nbr], s.[Flr_Nbr], s.[Bldg_Name], s.[PO_Box_Nbr], s.[Line_1_Addr], s.[Line_2_Addr], s.[Line_3_Addr], s.[Load_Ts], s.[Ses_Load_ID], s.[Delta_Val] ,CASE WHEN ct.SYS_CHANGE_OPERATION = 'D' THEN CAST(1 AS BIT) ELSE CAST(0 AS BIT) END AS [IsDeleted] FROM CHANGETABLE(CHANGES [dbo].[Address], 0) ct  LEFT JOIN [dbo].[Address] s ON s.[Addr_DW_ID]=ct.[Addr_DW_ID] WHERE ct.SYS_CHANGE_VERSION <= 17",CHANGE_TRACKING_CURRENT_VERSION(),6,0,0,26:37.8,29:01.1,144,3681,0.15,2,Audit Log - Completed,Source,Incremental,Completed,NULL,1,1
46,660,4,EDWFoundation,pipe_src_adls_sql,PipelineActivity,ADF,"[{""SQLSource"":{""ServerName"":""EDWTest"",""DatabaseName"":""Foundation"",""SchemaName"":""dbo"",""TableName"":""Premise""}}]","[{""FileSink"":{""FileRoot"":""dls\\Raw\\EDWFoundation"",""FilePath"":""Premise\\2021\\10\\27\\"",""FileName"":""Premise_20211027_132637.parquet""}}]","[{""QueryPredicate"":""Load_Ts"",""QueryPredicateType"":""Date""}]",Predicate,1/1/1900 0:00,27:01.3,"SELECT [Premise_DW_ID], [Premise_Src_ID], [Premise_Addr_DW_ID], [Premise_Type_Cd], [Conn_Obj_ID], [Premise_Lgcy_ID], [Lgcy_Instructn_Detail_Txt], [Src_Del_Ind], [Load_Ts], [Ses_Load_ID], [Delta_Val] FROM dbo.Premise  WHERE Load_Ts > '1900-01-01 00:00:00' AND Load_Ts <= '2021-10-27 13:27:01.320'",MAX(Load_Ts),637207,0,0,26:37.8,29:07.3,150,35722109,3490.15,2,Audit Log - Completed,Source,Incremental,Completed,NULL,1,1
47,660,6,EDWFoundation,pipe_src_adls_sql,PipelineActivity,ADF,"[{""SQLSource"":{""ServerName"":""EDWTest"",""DatabaseName"":""Foundation"",""SchemaName"":""dbo"",""TableName"":""Device_Type""}}]","[{""FileSink"":{""FileRoot"":""dls\\Raw\\EDWFoundation"",""FilePath"":""Device_Type\\2021\\10\\27\\"",""FileName"":""Device_Type_20211027_132637.parquet""}}]","[{""No delta detect mechanism at source"":""""}]",NULL,NULL,27:02.3,"SELECT [Equip_Cat_Cd], [Device_Type_Cd], [Device_Type_Desc], [Load_Ts], [Ses_Load_ID], [Delta_Val] FROM dbo.[Device_Type] s",0,131,0,0,26:37.8,29:07.2,150,7311,0.62,2,Audit Log - Completed,Source,Full,Completed,NULL,1,1
48,660,3,EDWFoundation,pipe_src_adls_sql,PipelineActivity,ADF,"[{""SQLSource"":{""ServerName"":""EDWTest"",""DatabaseName"":""Foundation"",""SchemaName"":""dbo"",""TableName"":""Mtr_Class_Type""}}]","[{""FileSink"":{""FileRoot"":""dls\\Raw\\EDWFoundation"",""FilePath"":""Mtr_Class_Type\\2021\\10\\27\\"",""FileName"":""Mtr_Class_Type_20211027_132637.parquet""}}]","[{""No delta detect mechanism at source"":""""}]",NULL,NULL,27:09.5,"SELECT [Mtr_Class_Type_Cd], [Mtr_Class_Type_Cd_Desc], [Load_Ts], [Ses_Load_ID], [Delta_Val] FROM dbo.[Mtr_Class_Type] s",0,5,0,0,26:37.8,29:00.1,143,1284,0.05,2,Audit Log - Completed,Source,Full,Completed,NULL,1,1
49,660,21,EDWFoundation,pipe_src_adls_sql,PipelineActivity,ADF,"[{""SQLSource"":{""ServerName"":""EDWTest"",""DatabaseName"":""Foundation"",""SchemaName"":""dbo"",""TableName"":""Fcplt_Volt_Type""}}]","[{""FileSink"":{""FileRoot"":""dls\\Raw\\EDWFoundation"",""FilePath"":""Fcplt_Volt_Type\\2021\\10\\27\\"",""FileName"":""Fcplt_Volt_Type_20211027_132637.parquet""}}]","[{""No delta detect mechanism at source"":""""}]",NULL,NULL,27:10.3,"SELECT [Fcplt_Volt_Type_Cd], [Fcplt_Volt_Type_Desc], [Load_Ts], [Ses_Load_ID], [Delta_Val] FROM dbo.[Fcplt_Volt_Type] s",0,16,0,0,26:37.8,29:05.1,148,1815,0.07,2,Audit Log - Completed,Source,Full,Completed,NULL,1,1
50,660,7,EDWFoundation,pipe_src_adls_sql,PipelineActivity,ADF,"[{""SQLSource"":{""ServerName"":""EDWTest"",""DatabaseName"":""Foundation"",""SchemaName"":""dbo"",""TableName"":""Cycle""}}]","[{""FileSink"":{""FileRoot"":""dls\\Raw\\EDWFoundation"",""FilePath"":""Cycle\\2021\\10\\27\\"",""FileName"":""Cycle_20211027_132637.parquet""}}]","[{""No delta detect mechanism at source"":""""}]",NULL,NULL,27:14.3,"SELECT [Cycle_Cd], [Cycle_Desc], [Load_Ts], [Ses_Load_ID], [Delta_Val] FROM dbo.[Cycle] s",0,44,0,0,26:37.8,29:03.1,146,3081,0.37,2,Audit Log - Completed,Source,Full,Completed,NULL,1,1
51,660,2,EDWFoundation,pipe_src_adls_sql,PipelineActivity,ADF,"[{""SQLSource"":{""ServerName"":""EDWTest"",""DatabaseName"":""Foundation"",""SchemaName"":""dbo"",""TableName"":""Cust_Agmt""}}]","[{""FileSink"":{""FileRoot"":""dls\\Raw\\EDWFoundation"",""FilePath"":""Cust_Agmt\\2021\\10\\27\\"",""FileName"":""Cust_Agmt_20211027_132637.parquet""}}]","[{""CurrentVersion"":""CHANGE_TRACKING_CURRENT_VERSION()""}]",ChangeTracking,0,17,"SELECT ct.[Cust_Agmt_DW_ID], s.[Cust_Agmt_Src_ID], s.[Cust_Acct_DW_ID], s.[Installn_DW_ID], s.[Acct_Detrmn_Type_Cd], s.[Agmt_Class_Type_Cd], s.[Bill_Class_Type_Cd], s.[Rate_Cat_Cd], s.[Industry_Classfn_Type_Cd], s.[Cust_Agmt_From_Dt], s.[Cust_Agmt_Thru_Dt], s.[Final_Invoice_Ind], s.[Cust_Agmt_Lgcy_ID], s.[Cust_Agmt_Lgcy_From_Dt], s.[Src_Del_Ind], s.[Load_Ts], s.[Ses_Load_ID], s.[Delta_Val], s.[Joint_Invoicing_Type_Cd], s.[Budget_Bill_Ind], s.[Cust_of_Rec_Occupied_Ind] ,CASE WHEN ct.SYS_CHANGE_OPERATION = 'D' THEN CAST(1 AS BIT) ELSE CAST(0 AS BIT) END AS [IsDeleted] FROM CHANGETABLE(CHANGES [dbo].[Cust_Agmt], 0) ct  LEFT JOIN [dbo].[Cust_Agmt] s ON s.[Cust_Agmt_DW_ID]=ct.[Cust_Agmt_DW_ID] WHERE ct.SYS_CHANGE_VERSION <= 17",CHANGE_TRACKING_CURRENT_VERSION(),33,0,0,26:37.8,29:07.1,150,6083,0.22,2,Audit Log - Completed,Source,Incremental,Completed,NULL,1,1
52,660,11,EDWFoundation,pipe_src_adls_sql,PipelineActivity,ADF,"[{""SQLSource"":{""ServerName"":""EDWTest"",""DatabaseName"":""Foundation"",""SchemaName"":""dbo"",""TableName"":""Device_Loc""}}]","[{""FileSink"":{""FileRoot"":""dls\\Raw\\EDWFoundation"",""FilePath"":""Device_Loc\\2021\\10\\27\\"",""FileName"":""Device_Loc_20211027_132637.parquet""}}]","[{""QueryPredicate"":""Load_Ts"",""QueryPredicateType"":""Date""}]",Predicate,1/1/1900 0:00,27:14.4,"SELECT [Device_Loc_DW_ID], [Device_Loc_Src_ID], [Premise_DW_ID], [Volt_Type_Cd], [Discon_Type_Cd], [Trfmr_1_Size_Type_Cd], [Trfmr_2_Size_Type_Cd], [Trfmr_3_Size_Type_Cd], [Mtr_Loc_Cd], [Mtr_Loc_Detail_Txt], [Mtr_Loc_Dir_Txt], [Underground_Svc_Ind], [Phs_Nbr], [Full_Scale_Qty], [Tot_HP_Rtng_Qty], [Turns_Per_Leg_Count], [Site_Idfcn_Nbr], [Site_Verifn_Dt], [Verifn_Note_Txt], [Src_Del_Ind], [Load_Ts], [Ses_Load_ID], [Delta_Val], [GISO_Nbr], [Team_Name], [Lat_Val], [Long_Val], [Temp_Permit_Nbr], [Temp_Permit_Rcvd_Dt], [Perm_Permit_Nbr], [Perm_Permit_Rcvd_Dt], [Line_Extn_WO_Nbr], [Line_Extn_Seq], [Subd_Lot_Nbr], [Subd_Block_Nbr], [Subd_Name], [Seal_Nbr], [Estd_Trench_Ftg_Nbr], [Wire_Vintage_Yr], [Mtr_Base_Type_Cd], [Mtr_Dir_Type_Cd] FROM dbo.Device_Loc  WHERE Load_Ts > '1900-01-01 00:00:00' AND Load_Ts <= '2021-10-27 13:27:14.367'",MAX(Load_Ts),643192,0,0,26:37.8,29:07.7,150,53616833,4249.4,2,Audit Log - Completed,Source,Incremental,Completed,NULL,1,1
53,660,12,EDWFoundation,pipe_src_adls_sql,PipelineActivity,ADF,"[{""SQLSource"":{""ServerName"":""EDWTest"",""DatabaseName"":""Foundation"",""SchemaName"":""dbo"",""TableName"":""Device_Loc_Equip""}}]","[{""FileSink"":{""FileRoot"":""dls\\Raw\\EDWFoundation"",""FilePath"":""Device_Loc_Equip\\2021\\10\\27\\"",""FileName"":""Device_Loc_Equip_20211027_132637.parquet""}}]","[{""CurrentVersion"":""CHANGE_TRACKING_CURRENT_VERSION()""}]",ChangeTracking,0,17,"SELECT ct.[Device_Loc_Equip_DW_ID], s.[Equip_DW_ID], s.[Device_Loc_DW_ID], s.[Device_Loc_Equip_From_Dt], s.[Device_Loc_Equip_Thru_Dt], s.[Installn_DW_ID], s.[Src_Del_Ind], s.[Load_Ts], s.[Ses_Load_ID], s.[Delta_Val], s.[Register_Grp_Type_Cd] ,CASE WHEN ct.SYS_CHANGE_OPERATION = 'D' THEN CAST(1 AS BIT) ELSE CAST(0 AS BIT) END AS [IsDeleted] FROM CHANGETABLE(CHANGES [dbo].[Device_Loc_Equip], 0) ct  LEFT JOIN [dbo].[Device_Loc_Equip] s ON s.[Device_Loc_Equip_DW_ID]=ct.[Device_Loc_Equip_DW_ID] WHERE ct.SYS_CHANGE_VERSION <= 17",CHANGE_TRACKING_CURRENT_VERSION(),8,0,0,26:37.8,29:05.1,148,2514,0.08,2,Audit Log - Completed,Source,Incremental,Completed,NULL,1,1
54,660,14,EDWFoundation,pipe_src_adls_sql,PipelineActivity,ADF,"[{""SQLSource"":{""ServerName"":""EDWTest"",""DatabaseName"":""Foundation"",""SchemaName"":""dbo"",""TableName"":""Bill_Class_Type""}}]","[{""FileSink"":{""FileRoot"":""dls\\Raw\\EDWFoundation"",""FilePath"":""Bill_Class_Type\\2021\\10\\27\\"",""FileName"":""Bill_Class_Type_20211027_132637.parquet""}}]","[{""No delta detect mechanism at source"":""""}]",NULL,NULL,27:30.7,"SELECT [Bill_Class_Type_Cd], [Bill_Class_Type_Desc], [Load_Ts], [Ses_Load_ID], [Delta_Val] FROM dbo.[Bill_Class_Type] s",0,17,0,0,26:37.8,29:07.2,150,2042,0.11,2,Audit Log - Completed,Source,Full,Completed,NULL,1,1
55,660,16,EDWFoundation,pipe_src_adls_sql,PipelineActivity,ADF,"[{""SQLSource"":{""ServerName"":""EDWTest"",""DatabaseName"":""Foundation"",""SchemaName"":""dbo"",""TableName"":""Manufacturer""}}]","[{""FileSink"":{""FileRoot"":""dls\\Raw\\EDWFoundation"",""FilePath"":""Manufacturer\\2021\\10\\27\\"",""FileName"":""Manufacturer_20211027_132637.parquet""}}]","[{""No delta detect mechanism at source"":""""}]",NULL,NULL,27:30.7,"SELECT [Mfr_Cd], [Mfr_Name], [Load_Ts], [Ses_Load_ID], [Delta_Val] FROM dbo.[Manufacturer] s",0,51,0,0,26:37.8,29:07.6,150,4474,0.35,2,Audit Log - Completed,Source,Full,Completed,NULL,1,1
56,660,10,EDWFoundation,pipe_src_adls_sql,PipelineActivity,ADF,"[{""SQLSource"":{""ServerName"":""EDWTest"",""DatabaseName"":""Foundation"",""SchemaName"":""dbo"",""TableName"":""Equip_Status""}}]","[{""FileSink"":{""FileRoot"":""dls\\Raw\\EDWFoundation"",""FilePath"":""Equip_Status\\2021\\10\\27\\"",""FileName"":""Equip_Status_20211027_132637.parquet""}}]","[{""No delta detect mechanism at source"":""""}]",NULL,NULL,27:30.7,"SELECT [Equip_Status_Cd], [Equip_Status_Desc], [Load_Ts], [Ses_Load_ID], [Delta_Val] FROM dbo.[Equip_Status] s",0,2,0,0,26:37.8,29:04.1,147,1115,0.02,2,Audit Log - Completed,Source,Full,Completed,NULL,1,1
57,660,18,EDWFoundation,pipe_src_adls_sql,PipelineActivity,ADF,"[{""SQLSource"":{""ServerName"":""EDWTest"",""DatabaseName"":""Foundation"",""SchemaName"":""dbo"",""TableName"":""Protocol_Type""}}]","[{""FileSink"":{""FileRoot"":""dls\\Raw\\EDWFoundation"",""FilePath"":""Protocol_Type\\2021\\10\\27\\"",""FileName"":""Protocol_Type_20211027_132637.parquet""}}]","[{""No delta detect mechanism at source"":""""}]",NULL,NULL,27:30.7,"SELECT [Protocol_Type_Cd], [Protocol_Type_Desc], [Load_Ts], [Ses_Load_ID], [Delta_Val] FROM dbo.[Protocol_Type] s",0,7,0,0,26:37.8,29:07.3,150,1518,0.05,2,Audit Log - Completed,Source,Full,Completed,NULL,1,1
58,660,9,EDWFoundation,pipe_src_adls_sql,PipelineActivity,ADF,"[{""SQLSource"":{""ServerName"":""EDWTest"",""DatabaseName"":""Foundation"",""SchemaName"":""dbo"",""TableName"":""Modfn_Type""}}]","[{""FileSink"":{""FileRoot"":""dls\\Raw\\EDWFoundation"",""FilePath"":""Modfn_Type\\2021\\10\\27\\"",""FileName"":""Modfn_Type_20211027_132637.parquet""}}]","[{""No delta detect mechanism at source"":""""}]",NULL,NULL,27:30.7,"SELECT [Modfn_Type_Cd], [Modfn_Type_Desc], [Load_Ts], [Ses_Load_ID], [Delta_Val] FROM dbo.[Modfn_Type] s",0,2,0,0,26:37.8,29:06.2,149,1116,0.01,2,Audit Log - Completed,Source,Full,Completed,NULL,1,1
59,660,1,EDWFoundation,pipe_src_adls_sql,PipelineActivity,ADF,"[{""SQLSource"":{""ServerName"":""EDWTest"",""DatabaseName"":""Foundation"",""SchemaName"":""dbo"",""TableName"":""Mtr_Loc""}}]","[{""FileSink"":{""FileRoot"":""dls\\Raw\\EDWFoundation"",""FilePath"":""Mtr_Loc\\2021\\10\\27\\"",""FileName"":""Mtr_Loc_20211027_132637.parquet""}}]","[{""No delta detect mechanism at source"":""""}]",NULL,NULL,27:30.7,"SELECT [Mtr_Loc_Cd], [Mtr_Loc_Desc], [Load_Ts], [Ses_Load_ID], [Delta_Val] FROM dbo.[Mtr_Loc] s",0,34,0,0,26:37.8,29:06.1,149,2740,0.2,2,Audit Log - Completed,Source,Full,Completed,NULL,1,1
60,660,15,EDWFoundation,pipe_src_adls_sql,PipelineActivity,ADF,"[{""SQLSource"":{""ServerName"":""EDWTest"",""DatabaseName"":""Foundation"",""SchemaName"":""dbo"",""TableName"":""Installn_Hist""}}]","[{""FileSink"":{""FileRoot"":""dls\\Raw\\EDWFoundation"",""FilePath"":""Installn_Hist\\2021\\10\\27\\"",""FileName"":""Installn_Hist_20211027_132637.parquet""}}]","[{""CurrentVersion"":""CHANGE_TRACKING_CURRENT_VERSION()""}]",ChangeTracking,0,17,"SELECT ct.[Installn_Hist_DW_ID], s.[Installn_DW_ID], s.[Installn_Hist_From_Dt], s.[Installn_Hist_Thru_Dt], s.[Installn_Src_ID], s.[Bill_Class_Type_Cd], s.[Rate_Cat_Cd], s.[Industry_Classfn_Type_Cd], s.[FFee_Muni_Cd], s.[Mtr_Rdng_Mthd_Type_Cd], s.[Mtr_Rdng_Cycle_Cd], s.[Mtr_Rdng_Route_Cd], s.[Load_Ts], s.[Ses_Load_ID], s.[Delta_Val] ,CASE WHEN ct.SYS_CHANGE_OPERATION = 'D' THEN CAST(1 AS BIT) ELSE CAST(0 AS BIT) END AS [IsDeleted] FROM CHANGETABLE(CHANGES [dbo].[Installn_Hist], 0) ct  LEFT JOIN [dbo].[Installn_Hist] s ON s.[Installn_Hist_DW_ID]=ct.[Installn_Hist_DW_ID] WHERE ct.SYS_CHANGE_VERSION <= 17",CHANGE_TRACKING_CURRENT_VERSION(),2,0,0,26:37.8,29:06.3,149,2737,0.03,2,Audit Log - Completed,Source,Incremental,Completed,NULL,1,1
61,660,13,EDWFoundation,pipe_src_adls_sql,PipelineActivity,ADF,"[{""SQLSource"":{""ServerName"":""EDWTest"",""DatabaseName"":""Foundation"",""SchemaName"":""dbo"",""TableName"":""Party""}}]","[{""FileSink"":{""FileRoot"":""dls\\Raw\\EDWFoundation"",""FilePath"":""Party\\2021\\10\\27\\"",""FileName"":""Party_20211027_132637.parquet""}}]","[{""QueryPredicate"":""Load_Ts"",""QueryPredicateType"":""Date""}]",Predicate,1/1/1900 0:00,27:30.8,"SELECT [Party_DW_ID], [Party_Src_ID], [Party_Full_Name], [Party_Type_Cd], [Lang_Type_Cd], [Crspnd_Lang_Type_Cd], [Org_Type_Cd], [Prefix_Name], [First_Name], [Mid_Name], [Last_Name], [Suffix_Name], [Allow_Contact_Ind], [Party_Lgcy_ID], [Src_Del_Ind], [Load_Ts], [Ses_Load_ID], [Delta_Val], [Phone_Nbr], [Elct_Addr_Name] FROM dbo.Party  WHERE Load_Ts > '1900-01-01 00:00:00' AND Load_Ts <= '2021-10-27 13:27:30.773'",MAX(Load_Ts),1530235,0,0,26:37.8,29:07.6,150,135009760,5492.04,2,Audit Log - Completed,Source,Incremental,Completed,NULL,1,1
62,660,20,EDWFoundation,pipe_src_adls_sql,PipelineActivity,ADF,"[{""SQLSource"":{""ServerName"":""EDWTest"",""DatabaseName"":""Foundation"",""SchemaName"":""dbo"",""TableName"":""Stock_Status""}}]","[{""FileSink"":{""FileRoot"":""dls\\Raw\\EDWFoundation"",""FilePath"":""Stock_Status\\2021\\10\\27\\"",""FileName"":""Stock_Status_20211027_132637.parquet""}}]","[{""No delta detect mechanism at source"":""""}]",NULL,NULL,27:30.8,"SELECT [Stock_Status_Cd], [Stock_Status_Desc], [Load_Ts], [Ses_Load_ID], [Delta_Val] FROM dbo.[Stock_Status] s",0,7,0,0,26:37.8,29:06.1,149,1367,0.06,2,Audit Log - Completed,Source,Full,Completed,NULL,1,1
63,660,175,TNS,pipe_src_adls_tns,PipelineActivity,ADF,"[{""SQLSource"":{""DatabaseName"":""AMI"",""SchemaName"":""DCSI"",""TableName"":""METER_VOLTAGE_READINGS""}}]","[{""FileSink"":{""FileRoot"":""dls\\Raw\\TNS"",""FilePath"":""METER_VOLTAGE_READINGS\\2021\\10\\27\\"",""FileName"":""METER_VOLTAGE_READINGS_20211027_132629.parquet""}}]","[{""No delta detect mechanism at source"":""""}]",NULL,NULL,27:30.8,SELECT *  FROM DCSI.METER_VOLTAGE_READINGS,0,2069440,0,0,26:29.9,29:07.2,158,38970363,3031.41,2,Audit Log - Completed,Source,Full,Completed,NULL,1,1
64,660,17,EDWFoundation,pipe_src_adls_sql,PipelineActivity,ADF,"[{""SQLSource"":{""ServerName"":""EDWTest"",""DatabaseName"":""Foundation"",""SchemaName"":""dbo"",""TableName"":""Region""}}]","[{""FileSink"":{""FileRoot"":""dls\\Raw\\EDWFoundation"",""FilePath"":""Region\\2021\\10\\27\\"",""FileName"":""Region_20211027_132637.parquet""}}]","[{""QueryPredicate"":""Load_Ts"",""QueryPredicateType"":""Date""}]",Predicate,1/1/1900 0:00,27:30.9,"SELECT [Region_Cd], [Region_Name], [Load_Ts], [Ses_Load_ID], [Delta_Val] FROM dbo.Region  WHERE Load_Ts > '1900-01-01 00:00:00' AND Load_Ts <= '2021-10-27 13:27:30.883'",MAX(Load_Ts),6,0,0,26:37.8,29:07.2,150,1251,0.02,2,Audit Log - Completed,Source,Incremental,Completed,NULL,1,1
65,660,33,EDWFoundation,pipe_src_adls_sql,PipelineActivity,ADF,"[{""SQLSource"":{""ServerName"":""EDWTest"",""DatabaseName"":""Foundation"",""SchemaName"":""dbo"",""TableName"":""Trfmr_Size_Type""}}]","[{""FileSink"":{""FileRoot"":""dls\\Raw\\EDWFoundation"",""FilePath"":""Trfmr_Size_Type\\2021\\10\\27\\"",""FileName"":""Trfmr_Size_Type_20211027_132637.parquet""}}]","[{""No delta detect mechanism at source"":""""}]",NULL,NULL,29:19.4,"SELECT [Trfmr_Size_Type_Cd], [Trfmr_Size_Type_Desc], [Load_Ts], [Ses_Load_ID], [Delta_Val] FROM dbo.[Trfmr_Size_Type] s",0,73,0,0,26:37.8,29:45.4,188,4361,0.58,2,Audit Log - Completed,Source,Full,Completed,NULL,1,1
66,660,34,EDWFoundation,pipe_src_adls_sql,PipelineActivity,ADF,"[{""SQLSource"":{""ServerName"":""EDWTest"",""DatabaseName"":""Foundation"",""SchemaName"":""dbo"",""TableName"":""Geo_Area""}}]","[{""FileSink"":{""FileRoot"":""dls\\Raw\\EDWFoundation"",""FilePath"":""Geo_Area\\2021\\10\\27\\"",""FileName"":""Geo_Area_20211027_132637.parquet""}}]","[{""No delta detect mechanism at source"":""""}]",NULL,NULL,29:19.5,"SELECT [Region_Cd], [Geo_Area_Cd], [Geo_Area_Name], [Load_Ts], [Ses_Load_ID], [Delta_Val] FROM dbo.[Geo_Area] s",0,24,0,0,26:37.8,29:47.6,190,2463,0.21,2,Audit Log - Completed,Source,Full,Completed,NULL,1,1
67,660,30,EDWFoundation,pipe_src_adls_sql,PipelineActivity,ADF,"[{""SQLSource"":{""ServerName"":""EDWTest"",""DatabaseName"":""Foundation"",""SchemaName"":""dbo"",""TableName"":""Mtr_Type""}}]","[{""FileSink"":{""FileRoot"":""dls\\Raw\\EDWFoundation"",""FilePath"":""Mtr_Type\\2021\\10\\27\\"",""FileName"":""Mtr_Type_20211027_132637.parquet""}}]","[{""No delta detect mechanism at source"":""""}]",NULL,NULL,29:20.5,"SELECT [Mtr_Type_Cd], [Mtr_Type_Desc], [Load_Ts], [Ses_Load_ID], [Delta_Val] FROM dbo.[Mtr_Type] s",0,4,0,0,26:37.8,29:45.6,188,1181,0.04,2,Audit Log - Completed,Source,Full,Completed,NULL,1,1
68,660,26,EDWFoundation,pipe_src_adls_sql,PipelineActivity,ADF,"[{""SQLSource"":{""ServerName"":""EDWTest"",""DatabaseName"":""Foundation"",""SchemaName"":""dbo"",""TableName"":""Equip_Cat""}}]","[{""FileSink"":{""FileRoot"":""dls\\Raw\\EDWFoundation"",""FilePath"":""Equip_Cat\\2021\\10\\27\\"",""FileName"":""Equip_Cat_20211027_132637.parquet""}}]","[{""No delta detect mechanism at source"":""""}]",NULL,NULL,29:20.6,"SELECT [Equip_Cat_Cd], [Equip_Cat_Desc], [Load_Ts], [Ses_Load_ID], [Delta_Val] FROM dbo.[Equip_Cat] s",0,10,0,0,26:37.8,29:45.6,188,1631,0.1,2,Audit Log - Completed,Source,Full,Completed,NULL,1,1
69,660,38,EDWFoundation,pipe_src_adls_sql,PipelineActivity,ADF,"[{""SQLSource"":{""ServerName"":""EDWTest"",""DatabaseName"":""Foundation"",""SchemaName"":""dbo"",""TableName"":""Equipment""}}]","[{""FileSink"":{""FileRoot"":""dls\\Raw\\EDWFoundation"",""FilePath"":""Equipment\\2021\\10\\27\\"",""FileName"":""Equipment_20211027_132637.parquet""}}]","[{""QueryPredicate"":""Load_Ts"",""QueryPredicateType"":""Date""}]",Predicate,1/1/1900 0:00,29:20.7,"SELECT [Equip_DW_ID], [Equip_Src_ID], [Equip_Cat_Cd], [Device_Type_Cd], [Device_Cat_Cd], [Mfr_Cd], [Model_Type_Cd], [Mtr_Type_Cd], [Mtr_Class_Type_Cd], [Fcplt_Volt_Type_Cd], [Protocol_Type_Cd], [Modfn_1_Type_Cd], [Modfn_2_Type_Cd], [Equip_Status_Cd], [Stock_Status_Cd], [CT_Volt_Type_Cd], [Serial_Nbr], [Rcvd_Dt], [Mtr_Form_Nbr], [Stock_Nbr], [Trnspndr_Nbr], [Trnspndr_Type_Desc], [CT_Rtng_Factor_Qty], [Trfmr_Ratio_Val], [Equip_Lgcy_Id], [Equip_Lgcy_Cmnt], [Src_Del_Ind], [Load_Ts], [Ses_Load_ID], [Delta_Val], [Certfn_Status_Type_Cd], [Demand_Response_Grp_Type_Cd] FROM dbo.Equipment  WHERE Load_Ts > '1900-01-01 00:00:00' AND Load_Ts <= '2021-10-27 13:29:20.697'",MAX(Load_Ts),1380507,0,0,26:37.8,30:53.2,256,98082853,3984.3,2,Audit Log - Completed,Source,Incremental,Completed,NULL,1,1
70,660,23,EDWFoundation,pipe_src_adls_sql,PipelineActivity,ADF,"[{""SQLSource"":{""ServerName"":""EDWTest"",""DatabaseName"":""Foundation"",""SchemaName"":""dbo"",""TableName"":""Dual_Net_Meters""}}]","[{""FileSink"":{""FileRoot"":""dls\\Raw\\EDWFoundation"",""FilePath"":""Dual_Net_Meters\\2021\\10\\27\\"",""FileName"":""Dual_Net_Meters_20211027_132637.parquet""}}]","[{""No delta detect mechanism at source"":""""}]",NULL,NULL,29:21.8,"SELECT [Rate_Cat_Cd], [Installn_Src_ID], [Installn_DW_ID], [Device_Loc_DW_ID], [Device_Loc_Src_ID], [Register_Grp_Type_Cd], [Equip_DW_ID], [Serial_Nbr], [Mtr_Dir_Type_Cd], [Mtr_Loc_Detail_Txt], [Device_Loc_2_DW_ID], [Device_Loc_2_Src_Id], [Register_Grp_2_Type_Cd], [Equip_2_DW_ID], [Serial_2_Nbr], [Mtr_Dir_2_Type_Cd], [Mtr_Loc_2_Detail_Txt] FROM dbo.[Dual_Net_Meters] s",0,242,0,0,26:37.8,29:45.7,188,18920,4.21,2,Audit Log - Completed,Source,Full,Completed,NULL,1,1
71,660,22,EDWFoundation,pipe_src_adls_sql,PipelineActivity,ADF,"[{""SQLSource"":{""ServerName"":""EDWTest"",""DatabaseName"":""Foundation"",""SchemaName"":""dbo"",""TableName"":""CT_Volt_Type""}}]","[{""FileSink"":{""FileRoot"":""dls\\Raw\\EDWFoundation"",""FilePath"":""CT_Volt_Type\\2021\\10\\27\\"",""FileName"":""CT_Volt_Type_20211027_132637.parquet""}}]","[{""No delta detect mechanism at source"":""""}]",NULL,NULL,29:21.9,"SELECT [CT_Volt_Type_Cd], [CT_Volt_Type_Desc], [Load_Ts], [Ses_Load_ID], [Delta_Val] FROM dbo.[CT_Volt_Type] s",0,34,0,0,26:37.8,29:53.1,196,2579,0.19,2,Audit Log - Completed,Source,Full,Completed,NULL,1,1
72,660,39,EDWFoundation,pipe_src_adls_sql,PipelineActivity,ADF,"[{""SQLSource"":{""ServerName"":""EDWTest"",""DatabaseName"":""Foundation"",""SchemaName"":""dbo"",""TableName"":""Discon_Type""}}]","[{""FileSink"":{""FileRoot"":""dls\\Raw\\EDWFoundation"",""FilePath"":""Discon_Type\\2021\\10\\27\\"",""FileName"":""Discon_Type_20211027_132637.parquet""}}]","[{""No delta detect mechanism at source"":""""}]",NULL,NULL,29:21.9,"SELECT [Discon_Type_Cd], [Discon_Type_Desc], [Load_Ts], [Ses_Load_ID], [Delta_Val] FROM dbo.[Discon_Type] s",0,16,0,0,26:37.8,29:49.4,192,1922,0.14,2,Audit Log - Completed,Source,Full,Completed,NULL,1,1
73,660,27,EDWFoundation,pipe_src_adls_sql,PipelineActivity,ADF,"[{""SQLSource"":{""ServerName"":""EDWTest"",""DatabaseName"":""Foundation"",""SchemaName"":""dbo"",""TableName"":""Role_Type""}}]","[{""FileSink"":{""FileRoot"":""dls\\Raw\\EDWFoundation"",""FilePath"":""Role_Type\\2021\\10\\27\\"",""FileName"":""Role_Type_20211027_132637.parquet""}}]","[{""No delta detect mechanism at source"":""""}]",NULL,NULL,29:21.9,"SELECT [Role_Type_Cd], [Role_Type_Desc], [Load_Ts], [Ses_Load_ID], [Delta_Val] FROM dbo.[Role_Type] s",0,118,0,0,26:37.8,29:58.2,201,7237,0.64,2,Audit Log - Completed,Source,Full,Completed,NULL,1,1
74,660,24,EDWFoundation,pipe_src_adls_sql,PipelineActivity,ADF,"[{""SQLSource"":{""ServerName"":""EDWTest"",""DatabaseName"":""Foundation"",""SchemaName"":""dbo"",""TableName"":""Installation""}}]","[{""FileSink"":{""FileRoot"":""dls\\Raw\\EDWFoundation"",""FilePath"":""Installation\\2021\\10\\27\\"",""FileName"":""Installation_20211027_132637.parquet""}}]","[{""CurrentVersion"":""CHANGE_TRACKING_CURRENT_VERSION()""}]",ChangeTracking,0,17,"SELECT ct.[Installn_DW_ID], s.[Installn_Src_ID], s.[Premise_DW_ID], s.[Installn_Type_Cd], s.[Mtr_Rdng_Mthd_Type_Cd], s.[Mtr_Rdng_Cycle_Cd], s.[Mtr_Rdng_Route_Cd], s.[FFee_Muni_Cd], s.[Installn_Dt], s.[Installn_Lgcy_ID], s.[Src_Del_Ind], s.[Load_Ts], s.[Ses_Load_ID], s.[Delta_Val], s.[Industry_Classfn_Type_Cd], s.[Bill_Class_Type_Cd], s.[Rate_Cat_Cd] ,CASE WHEN ct.SYS_CHANGE_OPERATION = 'D' THEN CAST(1 AS BIT) ELSE CAST(0 AS BIT) END AS [IsDeleted] FROM CHANGETABLE(CHANGES [dbo].[Installation], 0) ct  LEFT JOIN [dbo].[Installation] s ON s.[Installn_DW_ID]=ct.[Installn_DW_ID] WHERE ct.SYS_CHANGE_VERSION <= 17",CHANGE_TRACKING_CURRENT_VERSION(),1,0,0,26:37.8,29:47.7,190,2845,0.02,2,Audit Log - Completed,Source,Incremental,Completed,NULL,1,1
75,660,29,EDWFoundation,pipe_src_adls_sql,PipelineActivity,ADF,"[{""SQLSource"":{""ServerName"":""EDWTest"",""DatabaseName"":""Foundation"",""SchemaName"":""dbo"",""TableName"":""Premise_Party_Role""}}]","[{""FileSink"":{""FileRoot"":""dls\\Raw\\EDWFoundation"",""FilePath"":""Premise_Party_Role\\2021\\10\\27\\"",""FileName"":""Premise_Party_Role_20211027_132637.parquet""}}]","[{""QueryPredicate"":""Load_Ts"",""QueryPredicateType"":""Date""}]",Predicate,1/1/1900 0:00,29:22.8,"SELECT [Premise_DW_ID], [Party_DW_ID], [Premise_Party_Role_Type_Cd], [Premise_Party_Role_From_Dt], [Premise_Party_Role_Thru_Dt], [Premise_Party_Role_Note_Txt], [Load_Ts], [Ses_Load_ID], [Delta_Val] FROM dbo.Premise_Party_Role  WHERE Load_Ts > '1900-01-01 00:00:00' AND Load_Ts <= '2021-10-27 13:29:22.787'",MAX(Load_Ts),196184,0,0,26:37.8,29:57.0,200,4968985,1131.27,2,Audit Log - Completed,Source,Incremental,Completed,NULL,1,1
76,660,58,EDWFoundation,pipe_src_adls_sql,PipelineActivity,ADF,"[{""SQLSource"":{""ServerName"":""EDWTest"",""DatabaseName"":""Foundation"",""SchemaName"":""dbo"",""TableName"":""Cust_Master""}}]","[{""FileSink"":{""FileRoot"":""dls\\Raw\\EDWFoundation"",""FilePath"":""Cust_Master\\2021\\10\\27\\"",""FileName"":""Cust_Master_20211027_132637.parquet""}}]","[{""CurrentVersion"":""CHANGE_TRACKING_CURRENT_VERSION()""}]",ChangeTracking,0,17,"SELECT ct.[Cust_Master_DW_ID], s.[Party_DW_ID], s.[Cust_Acct_DW_ID], s.[Cust_Agmt_DW_ID], s.[Installn_DW_ID], s.[Premise_DW_ID], s.[Addr_DW_ID], s.[Device_Loc_DW_ID], s.[Equip_DW_ID], s.[Party_Type_Cd], s.[Bill_Class_Type_Cd], s.[Rate_Cat_Cd], s.[Region_Cd], s.[Geo_Area_Cd], s.[Juris_Type_Cd], s.[Acct_Area_Cd], s.[Cntry_Cd], s.[State_or_Province_Cd], s.[City_ID], s.[Cnty_Cd], s.[Party_Src_ID], s.[Cust_Acct_Src_ID], s.[Cust_Agmt_Src_ID], s.[Installn_Src_ID], s.[Premise_Src_ID], s.[Device_Loc_Src_ID], s.[Party_Full_Name], s.[Party_1_Full_Name], s.[Party_2_Full_Name], s.[Party_3_Full_Name], s.[Party_4_Full_Name], s.[Party_5_Full_Name], s.[Party_6_Full_Name], s.[Party_7_Full_Name], s.[Party_8_Full_Name], s.[Prim_Phone_Nbr], s.[Cust_Agmt_From_Dt], s.[Cust_Agmt_Thru_Dt], s.[Cust_Agmt_Lgcy_From_Dt], s.[Industry_Classfn_Type_Cd], s.[Final_Invoice_Ind], s.[Serial_Nbr], s.[St_Nbr], s.[St_Addr], s.[Bldg_Name], s.[Postal_Cd_5_Nbr], s.[Postal_Cd_Plus4_Nbr], s.[Premise_Full_Address], s.[Conn_Obj_ID], s.[Party_Lgcy_ID], s.[Cust_Acct_Lgcy_ID], s.[Cust_Agmt_Lgcy_ID], s.[Premise_Lgcy_ID], s.[Lgcy_Instructn_Detail_Txt], s.[Load_Ts], s.[Ses_Load_ID], s.[Delta_Val], s.[Acct_Detrmn_Type_Cd] ,CASE WHEN ct.SYS_CHANGE_OPERATION = 'D' THEN CAST(1 AS BIT) ELSE CAST(0 AS BIT) END AS [IsDeleted] FROM CHANGETABLE(CHANGES [dbo].[Cust_Master], 0) ct  LEFT JOIN [dbo].[Cust_Master] s ON s.[Cust_Master_DW_ID]=ct.[Cust_Master_DW_ID] WHERE ct.SYS_CHANGE_VERSION <= 17",CHANGE_TRACKING_CURRENT_VERSION(),24655,0,0,26:37.8,30:01.8,204,4019599,523.99,2,Audit Log - Completed,Source,Incremental,Completed,NULL,1,1
77,660,35,EDWFoundation,pipe_src_adls_sql,PipelineActivity,ADF,"[{""SQLSource"":{""ServerName"":""EDWTest"",""DatabaseName"":""Foundation"",""SchemaName"":""dbo"",""TableName"":""Volt_Type""}}]","[{""FileSink"":{""FileRoot"":""dls\\Raw\\EDWFoundation"",""FilePath"":""Volt_Type\\2021\\10\\27\\"",""FileName"":""Volt_Type_20211027_132637.parquet""}}]","[{""No delta detect mechanism at source"":""""}]",NULL,NULL,29:23.1,"SELECT [Volt_Type_Cd], [Volt_Type_Desc], [Load_Ts], [Ses_Load_ID], [Delta_Val] FROM dbo.[Volt_Type] s",0,8,0,0,26:37.8,29:52.4,195,1386,0.05,2,Audit Log - Completed,Source,Full,Completed,NULL,1,1
78,660,32,EDWFoundation,pipe_src_adls_sql,PipelineActivity,ADF,"[{""SQLSource"":{""ServerName"":""EDWTest"",""DatabaseName"":""Foundation"",""SchemaName"":""dbo"",""TableName"":""Price_Comp""}}]","[{""FileSink"":{""FileRoot"":""dls\\Raw\\EDWFoundation"",""FilePath"":""Price_Comp\\2021\\10\\27\\"",""FileName"":""Price_Comp_20211027_132637.parquet""}}]","[{""No delta detect mechanism at source"":""""}]",NULL,NULL,29:24.3,"SELECT [Price_Comp_DW_ID], [Price_Comp_Type_Cd], [Price_Cat_Type_Cd], [UOM_Cd], [Season_Type_Cd], [Price_Comp_From_Dt], [Price_Comp_Thru_Dt], [Price_Comp_From_Block_Lmt], [Price_Comp_Thru_Block_Lmt], [Price_Comp_Qty], [Price_Comp_Prc], [Price_Comp_Lgcy_Rate_Cat_Cd], [Price_Comp_Lgcy_Seq], [Load_Ts], [Ses_Load_ID], [Delta_Val], [Price_Block_Nbr] FROM dbo.[Price_Comp] s",0,15766,0,0,26:37.8,29:48.7,191,591790,350.94,2,Audit Log - Completed,Source,Full,Completed,NULL,1,1
79,660,37,EDWFoundation,pipe_src_adls_sql,PipelineActivity,ADF,"[{""SQLSource"":{""ServerName"":""EDWTest"",""DatabaseName"":""Foundation"",""SchemaName"":""dbo"",""TableName"":""City""}}]","[{""FileSink"":{""FileRoot"":""dls\\Raw\\EDWFoundation"",""FilePath"":""City\\2021\\10\\27\\"",""FileName"":""City_20211027_132637.parquet""}}]","[{""QueryPredicate"":""Load_Ts"",""QueryPredicateType"":""Date""}]",Predicate,1/1/1900 0:00,29:24.4,"SELECT [Cntry_Cd], [State_or_Province_Cd], [City_ID], [City_Name], [Tm_Zone_Cd], [Load_Ts], [Ses_Load_ID], [Delta_Val] FROM dbo.City  WHERE Load_Ts > '1900-01-01 00:00:00' AND Load_Ts <= '2021-10-27 13:29:24.420'",MAX(Load_Ts),18382,0,0,26:37.8,29:49.8,192,947134,157.31,2,Audit Log - Completed,Source,Incremental,Completed,NULL,1,1
80,660,28,EDWFoundation,pipe_src_adls_sql,PipelineActivity,ADF,"[{""SQLSource"":{""ServerName"":""EDWTest"",""DatabaseName"":""Foundation"",""SchemaName"":""dbo"",""TableName"":""Premise_Type""}}]","[{""FileSink"":{""FileRoot"":""dls\\Raw\\EDWFoundation"",""FilePath"":""Premise_Type\\2021\\10\\27\\"",""FileName"":""Premise_Type_20211027_132637.parquet""}}]","[{""No delta detect mechanism at source"":""""}]",NULL,NULL,29:25.2,"SELECT [Premise_Type_Cd], [Premise_Type_Desc], [Load_Ts], [Ses_Load_ID], [Delta_Val] FROM dbo.[Premise_Type] s",0,10,0,0,26:37.8,29:52.5,195,1581,0.08,2,Audit Log - Completed,Source,Full,Completed,NULL,1,1
81,660,25,EDWFoundation,pipe_src_adls_sql,PipelineActivity,ADF,"[{""SQLSource"":{""ServerName"":""EDWTest"",""DatabaseName"":""Foundation"",""SchemaName"":""dbo"",""TableName"":""Rate_Cat""}}]","[{""FileSink"":{""FileRoot"":""dls\\Raw\\EDWFoundation"",""FilePath"":""Rate_Cat\\2021\\10\\27\\"",""FileName"":""Rate_Cat_20211027_132637.parquet""}}]","[{""No delta detect mechanism at source"":""""}]",NULL,NULL,29:25.2,"SELECT [Bill_Class_Type_Cd], [Rate_Cat_Cd], [Rate_Cat_Desc], [Load_Ts], [Ses_Load_ID], [Delta_Val] FROM dbo.[Rate_Cat] s",0,140,0,0,26:37.8,29:56.0,198,7821,2.37,2,Audit Log - Completed,Source,Full,Completed,NULL,1,1
82,660,19,EDWFoundation,pipe_src_adls_sql,PipelineActivity,ADF,"[{""SQLSource"":{""ServerName"":""EDWTest"",""DatabaseName"":""Foundation"",""SchemaName"":""dbo"",""TableName"":""Model_Type""}}]","[{""FileSink"":{""FileRoot"":""dls\\Raw\\EDWFoundation"",""FilePath"":""Model_Type\\2021\\10\\27\\"",""FileName"":""Model_Type_20211027_132637.parquet""}}]","[{""No delta detect mechanism at source"":""""}]",NULL,NULL,29:25.5,"SELECT [Mfr_Cd], [Model_Type_Cd], [Model_Type_Desc], [Load_Ts], [Ses_Load_ID], [Delta_Val] FROM dbo.[Model_Type] s",0,581,0,0,26:37.8,30:04.4,207,29498,5.86,2,Audit Log - Completed,Source,Full,Completed,NULL,1,1
83,660,31,EDWFoundation,pipe_src_adls_sql,PipelineActivity,ADF,"[{""SQLSource"":{""ServerName"":""EDWTest"",""DatabaseName"":""Foundation"",""SchemaName"":""dbo"",""TableName"":""County""}}]","[{""FileSink"":{""FileRoot"":""dls\\Raw\\EDWFoundation"",""FilePath"":""County\\2021\\10\\27\\"",""FileName"":""County_20211027_132637.parquet""}}]","[{""QueryPredicate"":""Load_Ts"",""QueryPredicateType"":""Date""}]",Predicate,1/1/1900 0:00,29:26.9,"SELECT [Cntry_Cd], [State_or_Province_Cd], [Cnty_Cd], [Cnty_Name], [Load_Ts], [Ses_Load_ID], [Delta_Val] FROM dbo.County  WHERE Load_Ts > '1900-01-01 00:00:00' AND Load_Ts <= '2021-10-27 13:29:26.943'",MAX(Load_Ts),39,0,0,26:37.8,29:57.1,200,3216,0.35,2,Audit Log - Completed,Source,Incremental,Completed,NULL,1,1
84,660,40,EDWFoundation,pipe_src_adls_sql,PipelineActivity,ADF,"[{""SQLSource"":{""ServerName"":""EDWTest"",""DatabaseName"":""Foundation"",""SchemaName"":""dbo"",""TableName"":""Mtr_Rdng_Mthd_Type""}}]","[{""FileSink"":{""FileRoot"":""dls\\Raw\\EDWFoundation"",""FilePath"":""Mtr_Rdng_Mthd_Type\\2021\\10\\27\\"",""FileName"":""Mtr_Rdng_Mthd_Type_20211027_132637.parquet""}}]","[{""No delta detect mechanism at source"":""""}]",NULL,NULL,29:29.2,"SELECT [Mtr_Rdng_Mthd_Type_Cd], [Mtr_Rdng_Mthd_Type_Desc], [Load_Ts], [Ses_Load_ID], [Delta_Val] FROM dbo.[Mtr_Rdng_Mthd_Type] s",0,6,0,0,26:37.8,29:57.2,200,1383,0.04,2,Audit Log - Completed,Source,Full,Completed,NULL,1,1
85,660,41,EDWFoundation,pipe_src_adls_sql,PipelineActivity,ADF,"[{""SQLSource"":{""ServerName"":""EDWTest"",""DatabaseName"":""Foundation"",""SchemaName"":""dbo"",""TableName"":""Mtr_Rdng_Route""}}]","[{""FileSink"":{""FileRoot"":""dls\\Raw\\EDWFoundation"",""FilePath"":""Mtr_Rdng_Route\\2021\\10\\27\\"",""FileName"":""Mtr_Rdng_Route_20211027_132637.parquet""}}]","[{""No delta detect mechanism at source"":""""}]",NULL,NULL,30:32.5,"SELECT [Mtr_Rdng_Cycle_Cd], [Mtr_Rdng_Route_Cd], [Mtr_Rdng_Route_Desc], [Load_Ts], [Ses_Load_ID], [Delta_Val] FROM dbo.[Mtr_Rdng_Route] s",0,2175,0,0,26:37.8,30:59.5,262,39145,16.67,2,Audit Log - Completed,Source,Full,Completed,NULL,1,1
86,660,43,EDWStaging,pipe_src_adls_sql,PipelineActivity,ADF,"[{""SQLSource"":{""ServerName"":""EDWTest"",""DatabaseName"":""Staging"",""SchemaName"":""dbo"",""TableName"":""\/BIC\/OHZDM_D24""}}]","[{""FileSink"":{""FileRoot"":""dls\\Raw\\EDWStaging"",""FilePath"":""BIC_OHZDM_D24\\2021\\10\\27\\"",""FileName"":""BIC_OHZDM_D24_20211027_133119.parquet""}}]","[{""No delta detect mechanism at source"":""""}]",NULL,NULL,31:45.8,"SELECT [OHREQUID], [DATAPAKID], [RECORD], [UC_DEVLOC], [DATETO], [UCBILLFACT], [DATEFROM], [LOAD_DATE], [Load_Ts], [Ses_Load_Id] FROM dbo.[/BIC/OHZDM_D24] s",0,24070,0,0,31:20.0,32:13.9,54,489394,194.83,2,Audit Log - Completed,Source,Full,Completed,NULL,1,1
87,660,62,IEE,pipe_src_adls_sql,PipelineActivity,ADF,"[{""SQLSource"":{""ServerName"":""THORPTEST"",""DatabaseName"":""ItronEE"",""SchemaName"":""dbo"",""TableName"":""ReadingReadingStatus""}}]","[{""FileSink"":{""FileRoot"":""dls\\Raw\\IEE"",""FilePath"":""ReadingReadingStatus\\2021\\10\\27\\"",""FileName"":""ReadingReadingStatus_20211027_133245.parquet""}}]","[{""No delta detect mechanism at source"":""""}]",NULL,NULL,33:02.9,"SELECT [StatusID], [Status], [StatusExt1], [FAILED], [WARNING], [PASSED], [ESTIMATED], [DELETED], [POWER], [VEESET1FV], [VEESET1WV], [VEESET1PV], [VEESET2FV], [VEESET2WV], [VEESET2PV], [VEESET3FV], [VEESET3WV], [VEESET3PV], [VEESET1MA], [VEESET2MA], [VEESET3MA], [EMPTY], [MISSING], [VEESET1NV], [VEESET2NV], [VEESET3NV], [EDITED], [ESTUNSCALED], [ESTNEEDED], [ESTHISTORICAL], [ESTLINEARINT], [FINALESTIMATE], [GAP] FROM dbo.[ReadingReadingStatus] s",0,5029,0,0,32:45.5,33:40.1,55,121432,10.72,2,Audit Log - Completed,Source,Full,Completed,NULL,1,1
88,660,49,IEE,pipe_src_adls_sql,PipelineActivity,ADF,"[{""SQLSource"":{""ServerName"":""THORPTEST"",""DatabaseName"":""ItronEE"",""SchemaName"":""dbo"",""TableName"":""EntityStatus""}}]","[{""FileSink"":{""FileRoot"":""dls\\Raw\\IEE"",""FilePath"":""EntityStatus\\2021\\10\\27\\"",""FileName"":""EntityStatus_20211027_133245.parquet""}}]","[{""No delta detect mechanism at source"":""""}]",NULL,NULL,33:06.1,"SELECT [EntityStatusKey], [StatusID], [Description], [State], [StatusType], [DataSource] FROM dbo.[EntityStatus] s",0,18,0,0,32:45.5,33:35.9,50,2812,0.17,2,Audit Log - Completed,Source,Full,Completed,NULL,1,1
89,660,42,IEE,pipe_src_adls_sql,PipelineActivity,ADF,"[{""SQLSource"":{""ServerName"":""THORPTEST"",""DatabaseName"":""ItronEE"",""SchemaName"":""dbo"",""TableName"":""Meter""}}]","[{""FileSink"":{""FileRoot"":""dls\\Raw\\IEE"",""FilePath"":""Meter\\2021\\10\\27\\"",""FileName"":""Meter_20211027_133245.parquet""}}]","[{""CurrentVersion"":""CHANGE_TRACKING_CURRENT_VERSION()""}]",ChangeTracking,0,391129163,"SELECT ct.[MeterKey], s.[NodeKey], s.[MeterID], s.[MeterNumber], s.[EntityStatusKey], s.[Multiplier], s.[Model], s.[TimeZoneKey], s.[KeyNumber], s.[Manufacturer], s.[PhaseCodeID], s.[LocationCode], s.[DateInitialized], s.[ReadSequence], s.[InstallDate], s.[EffectiveStartDate], s.[EffectiveEndDate], s.[IsTemplate], s.[ExternalSystemKey], s.[CTRatio], s.[PTRatio], s.[IsCombinedMeter], s.[ContactForm], s.[MeterConfig], s.[EndPointID], s.[MeterProgramKey], s.[LastUpdateDate], s.[MeterInstallationKey], s.[PressureCompensationFactor], s.[MarketType], s.[CONFIGUREDFORGASDAYTAKE], s.[MonitoringMeterProgramKey] ,CASE WHEN ct.SYS_CHANGE_OPERATION = 'D' THEN CAST(1 AS BIT) ELSE CAST(0 AS BIT) END AS [IsDeleted] FROM CHANGETABLE(CHANGES [dbo].[Meter], 0) ct  LEFT JOIN [dbo].[Meter] s ON s.[MeterKey]=ct.[MeterKey] WHERE ct.SYS_CHANGE_VERSION <= 391129163",CHANGE_TRACKING_CURRENT_VERSION(),2607,0,0,32:45.5,33:36.2,51,286216,58.05,2,Audit Log - Completed,Source,Incremental,Completed,NULL,1,1
90,660,44,IEE,pipe_src_adls_sql,PipelineActivity,ADF,"[{""SQLSource"":{""ServerName"":""THORPTEST"",""DatabaseName"":""ItronEE"",""SchemaName"":""dbo"",""TableName"":""ReadingStatus""}}]","[{""FileSink"":{""FileRoot"":""dls\\Raw\\IEE"",""FilePath"":""ReadingStatus\\2021\\10\\27\\"",""FileName"":""ReadingStatus_20211027_133245.parquet""}}]","[{""No delta detect mechanism at source"":""""}]",NULL,NULL,33:07.0,"SELECT [ReadingStatusKey], [ReadingStatusID], [Bitmask], [Bitvalue], [Label], [CombinationOperation], [Description], [DataSource], [WordNumber], [ColumnName] FROM dbo.[ReadingStatus] s",0,119,0,0,32:45.5,33:43.2,58,11626,0.67,2,Audit Log - Completed,Source,Full,Completed,NULL,1,1
91,660,56,IEE,pipe_src_adls_sql,PipelineActivity,ADF,"[{""SQLSource"":{""ServerName"":""THORPTEST"",""DatabaseName"":""ItronEE"",""SchemaName"":""dbo"",""TableName"":""NodeAttributeName""}}]","[{""FileSink"":{""FileRoot"":""dls\\Raw\\IEE"",""FilePath"":""NodeAttributeName\\2021\\10\\27\\"",""FileName"":""NodeAttributeName_20211027_133245.parquet""}}]","[{""No delta detect mechanism at source"":""""}]",NULL,NULL,33:07.3,"SELECT [NodeAttributeNameKey], [NodeTypeKey], [NodeAttributeSectionKey], [NodeAttributeNameID], [Description], [DataType], [Sequence], [DataSource] FROM dbo.[NodeAttributeName] s",0,184,0,0,32:45.5,33:34.9,49,15562,2.34,2,Audit Log - Completed,Source,Full,Completed,NULL,1,1
92,660,45,IEE,pipe_src_adls_sql,PipelineActivity,ADF,"[{""SQLSource"":{""ServerName"":""THORPTEST"",""DatabaseName"":""ItronEE"",""SchemaName"":""dbo"",""TableName"":""RegisterReading""}}]","[{""FileSink"":{""FileRoot"":""dls\\Raw\\IEE"",""FilePath"":""RegisterReading\\2021\\10\\27\\"",""FileName"":""RegisterReading_20211027_133245.parquet""}}]","[{""CurrentVersion"":""CHANGE_TRACKING_CURRENT_VERSION()""}]",ChangeTracking,0,391129201,"SELECT ct.[ReadingGroupAlternateKey], ct.[SpcNodeID], ct.[EndTime], s.[StatusID], s.[DataValue], s.[EndTimeSeconds] ,CASE WHEN ct.SYS_CHANGE_OPERATION = 'D' THEN CAST(1 AS BIT) ELSE CAST(0 AS BIT) END AS [IsDeleted] FROM CHANGETABLE(CHANGES [dbo].[RegisterReading], 0) ct  LEFT JOIN [dbo].[RegisterReading] s ON s.[EndTime]=ct.[EndTime] and  s.[ReadingGroupAlternateKey]=ct.[ReadingGroupAlternateKey] and  s.[SpcNodeID]=ct.[SpcNodeID] WHERE ct.SYS_CHANGE_VERSION <= 391129201",CHANGE_TRACKING_CURRENT_VERSION(),95898951,0,0,32:45.5,43:14.1,629,1078372534,5070.8,2,Audit Log - Completed,Source,Incremental,Completed,NULL,1,1
93,660,61,IEE,pipe_src_adls_sql,PipelineActivity,ADF,"[{""SQLSource"":{""ServerName"":""THORPTEST"",""DatabaseName"":""ItronEE"",""SchemaName"":""dbo"",""TableName"":""Reading""}}]","[{""FileSink"":{""FileRoot"":""dls\\Raw\\IEE"",""FilePath"":""Reading\\2021\\10\\27\\"",""FileName"":""Reading_20211027_133245.parquet""}}]","[{""CurrentVersion"":""CHANGE_TRACKING_CURRENT_VERSION()""}]",ChangeTracking,0,391129212,"SELECT ct.[NodeID], ct.[EndTime], s.[DataValue], s.[StatusID], ct.[ReadingGroupAlternateKey], s.[EndTimeSeconds] ,CASE WHEN ct.SYS_CHANGE_OPERATION = 'D' THEN CAST(1 AS BIT) ELSE CAST(0 AS BIT) END AS [IsDeleted] FROM CHANGETABLE(CHANGES [dbo].[Reading], 0) ct  LEFT JOIN [dbo].[Reading] s ON s.[EndTime]=ct.[EndTime] and  s.[NodeID]=ct.[NodeID] and  s.[ReadingGroupAlternateKey]=ct.[ReadingGroupAlternateKey] WHERE ct.SYS_CHANGE_VERSION <= 391129212",CHANGE_TRACKING_CURRENT_VERSION(),2411371032,0,0,32:45.5,24:20.8,13895,32619801940,5462.51,2,Audit Log - Completed,Source,Incremental,Completed,NULL,1,1
94,660,47,IEE,pipe_src_adls_sql,PipelineActivity,ADF,"[{""SQLSource"":{""ServerName"":""THORPTEST"",""DatabaseName"":""ItronEE"",""SchemaName"":""dbo"",""TableName"":""NodeAttributeValue""}}]","[{""FileSink"":{""FileRoot"":""dls\\Raw\\IEE"",""FilePath"":""NodeAttributeValue\\2021\\10\\27\\"",""FileName"":""NodeAttributeValue_20211027_133245.parquet""}}]","[{""CurrentVersion"":""CHANGE_TRACKING_CURRENT_VERSION()""}]",ChangeTracking,0,391129220,"SELECT ct.[NodeAttributeValueKey], s.[NodeAttributeNameKey], s.[NodeKey], s.[DataValue], s.[DataSource], s.[LastUpdateDate] ,CASE WHEN ct.SYS_CHANGE_OPERATION = 'D' THEN CAST(1 AS BIT) ELSE CAST(0 AS BIT) END AS [IsDeleted] FROM CHANGETABLE(CHANGES [dbo].[NodeAttributeValue], 0) ct  LEFT JOIN [dbo].[NodeAttributeValue] s ON s.[NodeAttributeValueKey]=ct.[NodeAttributeValueKey] WHERE ct.SYS_CHANGE_VERSION <= 391129220",CHANGE_TRACKING_CURRENT_VERSION(),6160,0,0,32:45.5,33:37.0,52,395892,35.27,2,Audit Log - Completed,Source,Incremental,Completed,NULL,1,1
95,660,55,IEE,pipe_src_adls_sql,PipelineActivity,ADF,"[{""SQLSource"":{""ServerName"":""THORPTEST"",""DatabaseName"":""ItronEE"",""SchemaName"":""dbo"",""TableName"":""FlatConfigPhysical""}}]","[{""FileSink"":{""FileRoot"":""dls\\Raw\\IEE"",""FilePath"":""FlatConfigPhysical\\2021\\10\\27\\"",""FileName"":""FlatConfigPhysical_20211027_133245.parquet""}}]","[{""CurrentVersion"":""CHANGE_TRACKING_CURRENT_VERSION()""}]",ChangeTracking,0,391129276,"SELECT s.[ServicePointID], ct.[ChannelNumber], s.[ServicePointKey], ct.[ServicePointNodeKey], ct.[EffectiveStartDate], s.[EffectiveEndDate], s.[CHREADChannelSetNodeGroupID], s.[RedundantChannelSetID], s.[KVAChannelSetNodeGroupIDs], s.[MtrChnlType], s.[SpcNodeID], s.[SpcNodeKey], s.[WorkBinID], s.[AsOfDate], s.[MeterID], s.[ExternalSystemKey], s.[IntervalLength], s.[Multiplier], s.[PulseOffset], s.[NumberOfDials], s.[MtrStatus], s.[PremiseStatus], s.[UnitOfMeasureID], s.[ValidationSetKey], s.[SourceReactiveTypeID], s.[ServicePointChannelKey], s.[KQChannelSetNodeGroupID], s.[MeterProgramID], s.[PremiseID], s.[ExternalBillingSystemCycleID], s.[InstallDate], s.[LastUpdateDate], s.[RegisterDisplayCodeID], s.[TimeZoneKey], s.[FormulaKey], s.[MeterTimeZoneKey], s.[MarketType], s.[ValidationSetKey2], s.[ValidationSetKey3], s.[EstimationSetKey], s.[MeterStatusID], s.[PremiseStatusID], s.[MeterNumber], s.[MeterChannelUomKey], s.[EndPointID], s.[RecordingDeviceID], s.[MeterChannelNumber] ,CASE WHEN ct.SYS_CHANGE_OPERATION = 'D' THEN CAST(1 AS BIT) ELSE CAST(0 AS BIT) END AS [IsDeleted] FROM CHANGETABLE(CHANGES [dbo].[FlatConfigPhysical], 0) ct  LEFT JOIN [dbo].[FlatConfigPhysical] s ON s.[ChannelNumber]=ct.[ChannelNumber] and  s.[EffectiveStartDate]=ct.[EffectiveStartDate] and  s.[ServicePointNodeKey]=ct.[ServicePointNodeKey] WHERE ct.SYS_CHANGE_VERSION <= 391129276",CHANGE_TRACKING_CURRENT_VERSION(),23643,0,0,32:45.5,33:36.1,51,3358285,1062.53,2,Audit Log - Completed,Source,Incremental,Completed,NULL,1,1
96,660,52,IEE,pipe_src_adls_sql,PipelineActivity,ADF,"[{""SQLSource"":{""ServerName"":""THORPTEST"",""DatabaseName"":""ItronEE"",""SchemaName"":""dbo"",""TableName"":""ServicePoint""}}]","[{""FileSink"":{""FileRoot"":""dls\\Raw\\IEE"",""FilePath"":""ServicePoint\\2021\\10\\27\\"",""FileName"":""ServicePoint_20211027_133245.parquet""}}]","[{""CurrentVersion"":""CHANGE_TRACKING_CURRENT_VERSION()""}]",ChangeTracking,0,391129244,"SELECT ct.[ServicePointKey], s.[NodeKey], s.[ServicePointID], s.[TimeZoneKey], s.[IsTemplate], s.[CommodityTypeKey], s.[Description], s.[TransformerPhaseKey], s.[LastUpdateDate], s.[ReadingsImportBehavior], s.[WorkbinID] ,CASE WHEN ct.SYS_CHANGE_OPERATION = 'D' THEN CAST(1 AS BIT) ELSE CAST(0 AS BIT) END AS [IsDeleted] FROM CHANGETABLE(CHANGES [dbo].[ServicePoint], 0) ct  LEFT JOIN [dbo].[ServicePoint] s ON s.[ServicePointKey]=ct.[ServicePointKey] WHERE ct.SYS_CHANGE_VERSION <= 391129244",CHANGE_TRACKING_CURRENT_VERSION(),2208,0,0,32:45.5,33:44.2,59,212975,12.58,2,Audit Log - Completed,Source,Incremental,Completed,NULL,1,1
97,660,51,MDW,pipe_src_adls_sql,PipelineActivity,ADF,"[{""SQLSource"":{""ServerName"":""MDWtest"",""DatabaseName"":""EDW_Foundation"",""SchemaName"":""dbo"",""TableName"":""Cust_Data""}}]","[{""FileSink"":{""FileRoot"":""dls\\Raw\\MDW"",""FilePath"":""Cust_Data\\2021\\10\\27\\"",""FileName"":""Cust_Data_20211027_172536.parquet""}}]","[{""No delta detect mechanism at source"":""""}]",NULL,NULL,26:10.2,"SELECT [Device_Loc_Src_ID], [Premise_DW_ID], [Premise_Src_ID], [Rate_Cat_Cd], [Region_Cd], [Region_Name], [Geo_Area_Cd], [Juris_Type_Cd], [State_or_Province_Cd], [City_Name], [Cnty_Name], [Postal_Cd_5_Nbr], [Bill_Class_Type_Cd], [Bill_Class_Type_Desc], [Industry_Classfn_Type_Cd], [FFee_Muni_Cd], [Mtr_Rdng_Cycle_Cd], [Bill_Period_From_Dt], [Bill_Period_Thru_Dt], [Bill_Period_Days_Count], [Bill_Usage_Mth], [Bill_Usage_Mth_Dt], [Bill_Src_ID], [Usage_Qty], [Billed_Demand_Qty], [Actl_Demand_Qty], [BLC_KW], [Installn_Type_Desc], [Mtr_Rdng_Mthd_Type_Cd], [Mtr_Rdng_Mthd_Type_Desc], [Mtr_Rdng_Cycle_Cd_Installn], [Tot_HP_Rtng_Qty], [Cust_Data_DW_ID], [Bill_Period_From_Dt_Adj], [Load_Ts], [Party_Full_Name], [Device_Loc_2_Src_ID] FROM dbo.[Cust_Data] s",0,19652298,0,0,25:36.9,32:44.6,428,1218078799,20921.66,2,Audit Log - Completed,Source,Full,Completed,NULL,1,1
98,660,203,MDW,pipe_src_adls_sql,PipelineActivity,ADF,"[{""SQLSource"":{""ServerName"":""MDWTest"",""DatabaseName"":""EDW_Foundation"",""SchemaName"":""dbo"",""TableName"":""Meter_Read_Status""}}]","[{""FileSink"":{""FileRoot"":""dls\\Raw\\MDW"",""FilePath"":""Meter_Read_Status\\2021\\10\\27\\"",""FileName"":""Meter_Read_Status_20211027_172536.parquet""}}]","[{""No delta detect mechanism at source"":""""}]",NULL,NULL,26:10.9,"SELECT [Status_Id], [Power_Out_Flag], [Missing_Flag], [Estimated_Flag], [Estimated_Unscaled_Flag], [Meter_Read_Status_Bin], [Src_Del_Flag], [ETL_Batch_Id], [Meter_Read_Status_CdStr], [Failed_Flag], [Warn_Flag], [Deleted_Flag], [Empty_Flag], [Edited_Flag] FROM dbo.[Meter_Read_Status] s",0,5043,0,0,25:36.9,26:34.1,58,150233,155.94,2,Audit Log - Completed,Source,Full,Completed,NULL,1,1
99,660,71,MDW,pipe_src_adls_sql,PipelineActivity,ADF,"[{""SQLSource"":{""ServerName"":""MDWTest"",""DatabaseName"":""EDW_Foundation"",""SchemaName"":""dbo"",""TableName"":""Device_Loc_Src_ID_All_Rates""}}]","[{""FileSink"":{""FileRoot"":""dls\\Raw\\MDW"",""FilePath"":""Device_Loc_Src_ID_All_Rates\\2021\\10\\27\\"",""FileName"":""Device_Loc_Src_ID_All_Rates_20211027_172536.parquet""}}]","[{""No delta detect mechanism at source"":""""}]",NULL,NULL,26:10.9,"SELECT [Device_Loc_Src_ID], [Installn_DW_ID], [Installn_Src_ID], [Installn_Hist_From_Dt], [Installn_Hist_Thru_Dt], [Rate_Cat_Cd], [Net_Meter_Rate_Ind] FROM dbo.[Device_Loc_Src_ID_All_Rates] s",0,625698,0,0,25:36.9,26:36.2,60,6325807,2505.24,2,Audit Log - Completed,Source,Full,Completed,NULL,1,1
100,660,82,MV90,pipe_src_adls_sql,PipelineActivity,ADF,"[{""SQLSource"":{""ServerName"":""MDWTest"",""DatabaseName"":""MV90_Foundation"",""SchemaName"":""dbo"",""TableName"":""utsChannel""}}]","[{""FileSink"":{""FileRoot"":""dls\\Raw\\MV90"",""FilePath"":""utsChannel\\2021\\10\\27\\"",""FileName"":""utsChannel_20211027_173329.parquet""}}]","[{""No delta detect mechanism at source"":""""}]",NULL,NULL,33:48.5,"SELECT [ch_mtrid], [ch_custid], [ch_mtrchn], [ch_cstchn], [ch_setnum], [ch_intlen], [ch_uom], [ch_mtrsn], [ch_min_dtm], [ch_max_dtm], [ch_xferacct], [ch_uomscale], [ch_PTCT] FROM dbo.[utsChannel] s",0,4030,0,0,33:29.9,34:19.3,50,69465,75.85,2,Audit Log - Completed,Source,Full,Completed,NULL,1,1
101,660,81,MV90,pipe_src_adls_sql,PipelineActivity,ADF,"[{""SQLSource"":{""ServerName"":""MDWTest"",""DatabaseName"":""MV90_Foundation"",""SchemaName"":""dbo"",""TableName"":""utsProfile""}}]","[{""FileSink"":{""FileRoot"":""dls\\Raw\\MV90"",""FilePath"":""utsProfile\\2021\\10\\27\\"",""FileName"":""utsProfile_20211027_173329.parquet""}}]","[{""CurrentVersion"":""CHANGE_TRACKING_CURRENT_VERSION()""}]",ChangeTracking,0,6662,"SELECT ct.[p_mtrid], ct.[p_mtrchn], ct.[p_dtm], s.[p_usage], s.[p_status], s.[p_dst] ,CASE WHEN ct.SYS_CHANGE_OPERATION = 'D' THEN CAST(1 AS BIT) ELSE CAST(0 AS BIT) END AS [IsDeleted] FROM CHANGETABLE(CHANGES [dbo].[utsProfile], 0) ct  LEFT JOIN [dbo].[utsProfile] s ON s.[p_dtm]=ct.[p_dtm] and  s.[p_mtrchn]=ct.[p_mtrchn] and  s.[p_mtrid]=ct.[p_mtrid] WHERE ct.SYS_CHANGE_VERSION <= 6662",CHANGE_TRACKING_CURRENT_VERSION(),0,0,0,33:29.9,34:19.7,50,245,0,2,Audit Log - Completed,Source,Incremental,Completed,NULL,1,1
102,660,75,MV90,pipe_src_adls_sql,PipelineActivity,ADF,"[{""SQLSource"":{""ServerName"":""MDWTest"",""DatabaseName"":""MV90_Foundation"",""SchemaName"":""dbo"",""TableName"":""SummaryContributor""}}]","[{""FileSink"":{""FileRoot"":""dls\\Raw\\MV90"",""FilePath"":""SummaryContributor\\2021\\10\\27\\"",""FileName"":""SummaryContributor_20211027_173329.parquet""}}]","[{""No delta detect mechanism at source"":""""}]",NULL,NULL,33:50.6,"SELECT [SummaryMtrid], [ContributorMtrid], [SummaryName] FROM dbo.[SummaryContributor] s",0,406,0,0,33:29.9,34:19.9,50,4417,3.12,2,Audit Log - Completed,Source,Full,Completed,NULL,1,1
103,660,205,MV90,pipe_src_adls_sql,PipelineActivity,ADF,"[{""SQLSource"":{""ServerName"":""MDWTest"",""DatabaseName"":""MV90_Foundation"",""SchemaName"":""dbo"",""TableName"":""utsCustmer""}}]","[{""FileSink"":{""FileRoot"":""dls\\Raw\\MV90"",""FilePath"":""utsCustmer\\2021\\10\\27\\"",""FileName"":""utsCustmer_20211027_173329.parquet""}}]","[{""No delta detect mechanism at source"":""""}]",NULL,NULL,33:52.0,"SELECT [cst_id], [cst_acctnum], [cst_group], [cst_name], [cst_cycle], [cst_rate], [cst_tou], [cst_addr1], [cst_addr2], [cst_addr3] FROM dbo.[utsCustmer] s",0,1255,0,0,33:29.9,34:20.0,51,61740,89.64,2,Audit Log - Completed,Source,Full,Completed,NULL,1,1
