"ETLControlID	SourceSystem	Source	Sink	ColumnMetadata	DeltaDetect	DeltaDetectType	MinExpression	MaxExpression	SinkLoadProcedureName	SinkPreLoadScript	SinkWriteBatchSize	DIU	TriggerType	SourceQuery	LoadType	TableType	SourceTypeID	IsActive	Note	UpdatedDate	IsDeletionRequired	SourceTableCompositeKey	SheetNames	ETLSourceTableID	ETLRunGroup",,,,,,,,,,,,,,,,,,,,,,,,,,,,,,,,,,,,,,,,,,,,,,,,,,,,,,,,,,,,,,,,,,,,,,,,,,,,,,,,,,,,,,,,,,,,,,,,,,,,,,,,,,,,,,,,,,,,,,,,,,,,,,,,,,,,,,,,,,,,,,,,,,,,,,,,,,,,,,,,,,,,,,,,,,,,,,,
"1	EDWFoundation	""[{""""SQLSource"""":{""""ServerName"""":""""EDWTest""""","DatabaseName"""":""""Foundation""""","SchemaName"""":""""dbo""""","TableName"""":""""Mtr_Loc""""}}]""	""[{""""FileSink"""":{""""FileRoot"""":""""dls\\Raw\\EDWFoundation""""","FilePath"""":""""Mtr_Loc\\YYYY\\MM\\DD\\""""","FileName"""":""""Mtr_Loc_*.parquet""""}}]""	""[{""""ColumnName"""":""""Mtr_Loc_Cd""""","DataType"""":""""varchar(16)""""","Nullability"""":""""not null""""","IsPrimaryKey"""":""""Yes""""}","{""""ColumnName"""":""""Mtr_Loc_Desc""""","DataType"""":""""varchar(64)""""","Nullability"""":""""not null""""","IsPrimaryKey"""":""""No""""}","{""""ColumnName"""":""""Load_Ts""""","DataType"""":""""datetime2(7)""""","Nullability"""":""""not null""""","IsPrimaryKey"""":""""No""""}","{""""ColumnName"""":""""Ses_Load_ID""""","DataType"""":""""bigint""""","Nullability"""":""""not null""""","IsPrimaryKey"""":""""No""""}","{""""ColumnName"""":""""Delta_Val""""","DataType"""":""""varchar(32)""""","Nullability"""":""""not null""""","IsPrimaryKey"""":""""No""""}]""	""[{""""No delta detect mechanism at source"""":""""""""}]""	NULL	NULL	0	NULL	NULL	NULL	2	Daily	NULL	Full	Source	1	0	Loading data from source to azure data lake storage	55:53.3	NULL	NULL	NULL	NULL	0",,,,,,,,,,,,,,,,,,,,,,,,,,,,,,,,,,,,,,,,,,,,,,,,,,,,,,,,,,,,,,,,,,,,,,,,,,,,,,,,,,,,,,,,,,,,,,,,,,,,,,,,,,,,,,,,,,,,,,,,,,,,,,,,,,,,,,,,,,,,,,,,,,,,,,,
"2	EDWFoundation	""[{""""SQLSource"""":{""""ServerName"""":""""EDWTest""""","DatabaseName"""":""""Foundation""""","SchemaName"""":""""dbo""""","TableName"""":""""Cust_Agmt""""}}]""	""[{""""FileSink"""":{""""FileRoot"""":""""dls\\Raw\\EDWFoundation""""","FilePath"""":""""Cust_Agmt\\YYYY\\MM\\DD\\""""","FileName"""":""""Cust_Agmt_*.parquet""""}}]""	""[{""""ColumnName"""":""""Cust_Agmt_DW_ID""""","DataType"""":""""bigint""""","Nullability"""":""""not null""""","IsPrimaryKey"""":""""Yes""""}","{""""ColumnName"""":""""Cust_Agmt_Src_ID""""","DataType"""":""""bigint""""","Nullability"""":""""not null""""","IsPrimaryKey"""":""""No""""}","{""""ColumnName"""":""""Cust_Acct_DW_ID""""","DataType"""":""""bigint""""","Nullability"""":""""not null""""","IsPrimaryKey"""":""""No""""}","{""""ColumnName"""":""""Installn_DW_ID""""","DataType"""":""""bigint""""","Nullability"""":""""null""""","IsPrimaryKey"""":""""No""""}","{""""ColumnName"""":""""Acct_Detrmn_Type_Cd""""","DataType"""":""""varchar(16)""""","Nullability"""":""""not null""""","IsPrimaryKey"""":""""No""""}","{""""ColumnName"""":""""Agmt_Class_Type_Cd""""","DataType"""":""""varchar(16)""""","Nullability"""":""""null""""","IsPrimaryKey"""":""""No""""}","{""""ColumnName"""":""""Bill_Class_Type_Cd""""","DataType"""":""""varchar(16)""""","Nullability"""":""""null""""","IsPrimaryKey"""":""""No""""}","{""""ColumnName"""":""""Rate_Cat_Cd""""","DataType"""":""""varchar(16)""""","Nullability"""":""""null""""","IsPrimaryKey"""":""""No""""}","{""""ColumnName"""":""""Industry_Classfn_Type_Cd""""","DataType"""":""""varchar(16)""""","Nullability"""":""""null""""","IsPrimaryKey"""":""""No""""}","{""""ColumnName"""":""""Cust_Agmt_From_Dt""""","DataType"""":""""date""""","Nullability"""":""""not null""""","IsPrimaryKey"""":""""No""""}","{""""ColumnName"""":""""Cust_Agmt_Thru_Dt""""","DataType"""":""""date""""","Nullability"""":""""null""""","IsPrimaryKey"""":""""No""""}","{""""ColumnName"""":""""Final_Invoice_Ind""""","DataType"""":""""tinyint""""","Nullability"""":""""null""""","IsPrimaryKey"""":""""No""""}","{""""ColumnName"""":""""Cust_Agmt_Lgcy_ID""""","DataType"""":""""bigint""""","Nullability"""":""""null""""","IsPrimaryKey"""":""""No""""}","{""""ColumnName"""":""""Cust_Agmt_Lgcy_From_Dt""""","DataType"""":""""date""""","Nullability"""":""""null""""","IsPrimaryKey"""":""""No""""}","{""""ColumnName"""":""""Src_Del_Ind""""","DataType"""":""""tinyint""""","Nullability"""":""""not null""""","IsPrimaryKey"""":""""No""""}","{""""ColumnName"""":""""Load_Ts""""","DataType"""":""""datetime2(7)""""","Nullability"""":""""not null""""","IsPrimaryKey"""":""""No""""}","{""""ColumnName"""":""""Ses_Load_ID""""","DataType"""":""""bigint""""","Nullability"""":""""not null""""","IsPrimaryKey"""":""""No""""}","{""""ColumnName"""":""""Delta_Val""""","DataType"""":""""varchar(32)""""","Nullability"""":""""not null""""","IsPrimaryKey"""":""""No""""}","{""""ColumnName"""":""""Joint_Invoicing_Type_Cd""""","DataType"""":""""varchar(16)""""","Nullability"""":""""null""""","IsPrimaryKey"""":""""No""""}","{""""ColumnName"""":""""Budget_Bill_Ind""""","DataType"""":""""tinyint""""","Nullability"""":""""null""""","IsPrimaryKey"""":""""No""""}","{""""ColumnName"""":""""Cust_of_Rec_Occupied_Ind""""","DataType"""":""""tinyint""""","Nullability"""":""""null""""","IsPrimaryKey"""":""""No""""}]""	""[{""""No delta detect mechanism at source"""":""""""""}]""	NULL	NULL	0	NULL	NULL	NULL	2	Daily	NULL	Full	Source	1	0	Loading data from source to azure data lake storage	54:38.1	NULL	NULL	NULL	NULL	0",,,,,,,,,,,,,,,,,,,,,,,,,,,,,,,,,,,,,,,,,,,,,,,,,,,,,,,,,,,,,,,,,,,,,,,,,,,,,,,,,,,,,,,
"10452	ARCFM	""[{""""FileSource"""":{""""FileRoot"""":""""dls\\Raw\\ARCFM""""","FilePath"""":""""DOMAIN_LOOKUP_B\\DOMAIN_LOOKUP_B""""","FileName"""":""""""""}}]""	""[{""""SQLSink"""":{""""ServerName"""":""""sql-ipcdev-dataservices-dev.database.windows.net""""","DatabaseName"""":""""sqldbdataservicesgis""""","SinkSchema"""":""""stagingARCFM""""","SinkTable"""":""""DOMAIN_LOOKUP_B""""}}]""	NULL	""[{""""No delta detect mechanism at source"""":""""""""}]""	NULL	NULL	0	stagingARCFM.usp_Load_DOMAIN_LOOKUP_B	NULL	25000	2	Daily	NULL	Full	Stage	3	1	Loading data from azure data lake storage to staging tables	07:45.2	NULL	NULL	NULL	10173	NULL",,,,,,,,,,,,,,,,,,,,,,,,,,,,,,,,,,,,,,,,,,,,,,,,,,,,,,,,,,,,,,,,,,,,,,,,,,,,,,,,,,,,,,,,,,,,,,,,,,,,,,,,,,,,,,,,,,,,,,,,,,,,,,,,,,,,,,,,,,,,,,,,,,,,,,,,,,,,,,,,,,,,,,,,,,
"3	EDWFoundation	""[{""""SQLSource"""":{""""ServerName"""":""""EDWTest""""","DatabaseName"""":""""Foundation""""","SchemaName"""":""""dbo""""","TableName"""":""""Mtr_Class_Type""""}}]""	""[{""""FileSink"""":{""""FileRoot"""":""""dls\\Raw\\EDWFoundation""""","FilePath"""":""""Mtr_Class_Type\\YYYY\\MM\\DD\\""""","FileName"""":""""Mtr_Class_Type_*.parquet""""}}]""	""[{""""ColumnName"""":""""Mtr_Class_Type_Cd""""","DataType"""":""""varchar(16)""""","Nullability"""":""""not null""""","IsPrimaryKey"""":""""Yes""""}","{""""ColumnName"""":""""Mtr_Class_Type_Cd_Desc""""","DataType"""":""""varchar(64)""""","Nullability"""":""""not null""""","IsPrimaryKey"""":""""No""""}","{""""ColumnName"""":""""Load_Ts""""","DataType"""":""""datetime2(7)""""","Nullability"""":""""not null""""","IsPrimaryKey"""":""""No""""}","{""""ColumnName"""":""""Ses_Load_ID""""","DataType"""":""""bigint""""","Nullability"""":""""not null""""","IsPrimaryKey"""":""""No""""}","{""""ColumnName"""":""""Delta_Val""""","DataType"""":""""varchar(32)""""","Nullability"""":""""not null""""","IsPrimaryKey"""":""""No""""}]""	""[{""""No delta detect mechanism at source"""":""""""""}]""	NULL	NULL	0	NULL	NULL	NULL	2	Daily	NULL	Full	Source	1	0	Loading data from source to azure data lake storage	55:39.2	NULL	NULL	NULL	NULL	0",,,,,,,,,,,,,,,,,,,,,,,,,,,,,,,,,,,,,,,,,,,,,,,,,,,,,,,,,,,,,,,,,,,,,,,,,,,,,,,,,,,,,,,,,,,,,,,,,,,,,,,,,,,,,,,,,,,,,,,,,,,,,,,,,,,,,,,,,,,,,,,,,,,,,,,
"4	EDWFoundation	""[{""""SQLSource"""":{""""ServerName"""":""""EDWTest""""","DatabaseName"""":""""Foundation""""","SchemaName"""":""""dbo""""","TableName"""":""""Premise""""}}]""	""[{""""FileSink"""":{""""FileRoot"""":""""dls\\Raw\\EDWFoundation""""","FilePath"""":""""Premise\\YYYY\\MM\\DD\\""""","FileName"""":""""Premise_*.parquet""""}}]""	""[{""""ColumnName"""":""""Premise_DW_ID""""","DataType"""":""""bigint""""","Nullability"""":""""not null""""","IsPrimaryKey"""":""""Yes""""}","{""""ColumnName"""":""""Premise_Src_ID""""","DataType"""":""""bigint""""","Nullability"""":""""not null""""","IsPrimaryKey"""":""""No""""}","{""""ColumnName"""":""""Premise_Addr_DW_ID""""","DataType"""":""""bigint""""","Nullability"""":""""not null""""","IsPrimaryKey"""":""""No""""}","{""""ColumnName"""":""""Premise_Type_Cd""""","DataType"""":""""varchar(16)""""","Nullability"""":""""null""""","IsPrimaryKey"""":""""No""""}","{""""ColumnName"""":""""Conn_Obj_ID""""","DataType"""":""""bigint""""","Nullability"""":""""null""""","IsPrimaryKey"""":""""No""""}","{""""ColumnName"""":""""Premise_Lgcy_ID""""","DataType"""":""""bigint""""","Nullability"""":""""null""""","IsPrimaryKey"""":""""No""""}","{""""ColumnName"""":""""Lgcy_Instructn_Detail_Txt""""","DataType"""":""""varchar(512)""""","Nullability"""":""""null""""","IsPrimaryKey"""":""""No""""}","{""""ColumnName"""":""""Src_Del_Ind""""","DataType"""":""""tinyint""""","Nullability"""":""""not null""""","IsPrimaryKey"""":""""No""""}","{""""ColumnName"""":""""Load_Ts""""","DataType"""":""""datetime2(7)""""","Nullability"""":""""not null""""","IsPrimaryKey"""":""""No""""}","{""""ColumnName"""":""""Ses_Load_ID""""","DataType"""":""""bigint""""","Nullability"""":""""not null""""","IsPrimaryKey"""":""""No""""}","{""""ColumnName"""":""""Delta_Val""""","DataType"""":""""varchar(32)""""","Nullability"""":""""not null""""","IsPrimaryKey"""":""""No""""}]""	""[{""""No delta detect mechanism at source"""":""""""""}]""	NULL	NULL	0	NULL	NULL	NULL	2	Daily	NULL	Full	Source	1	0	Loading data from source to azure data lake storage	56:40.1	NULL	NULL	NULL	NULL	0",,,,,,,,,,,,,,,,,,,,,,,,,,,,,,,,,,,,,,,,,,,,,,,,,,,,,,,,,,,,,,,,,,,,,,,,,,,,,,,,,,,,,,,,,,,,,,,,,,,,,,,,,,,,,,,,,,,,,,,,,,,,,,,
"5	EDWFoundation	""[{""""SQLSource"""":{""""ServerName"""":""""EDWTest""""","DatabaseName"""":""""Foundation""""","SchemaName"""":""""dbo""""","TableName"""":""""FFee_Muni""""}}]""	""[{""""FileSink"""":{""""FileRoot"""":""""dls\\Raw\\EDWFoundation""""","FilePath"""":""""FFee_Muni\\YYYY\\MM\\DD\\""""","FileName"""":""""FFee_Muni_*.parquet""""}}]""	""[{""""ColumnName"""":""""FFee_Muni_Cd""""","DataType"""":""""varchar(16)""""","Nullability"""":""""not null""""","IsPrimaryKey"""":""""Yes""""}","{""""ColumnName"""":""""FFee_Muni_Name""""","DataType"""":""""varchar(64)""""","Nullability"""":""""not null""""","IsPrimaryKey"""":""""No""""}","{""""ColumnName"""":""""Load_Ts""""","DataType"""":""""datetime2(7)""""","Nullability"""":""""not null""""","IsPrimaryKey"""":""""No""""}","{""""ColumnName"""":""""Ses_Load_ID""""","DataType"""":""""bigint""""","Nullability"""":""""not null""""","IsPrimaryKey"""":""""No""""}","{""""ColumnName"""":""""Delta_Val""""","DataType"""":""""varchar(32)""""","Nullability"""":""""not null""""","IsPrimaryKey"""":""""No""""}]""	""[{""""No delta detect mechanism at source"""":""""""""}]""	NULL	NULL	0	NULL	NULL	NULL	2	Daily	NULL	Full	Source	1	0	Loading data from source to azure data lake storage	55:25.6	NULL	NULL	NULL	NULL	0",,,,,,,,,,,,,,,,,,,,,,,,,,,,,,,,,,,,,,,,,,,,,,,,,,,,,,,,,,,,,,,,,,,,,,,,,,,,,,,,,,,,,,,,,,,,,,,,,,,,,,,,,,,,,,,,,,,,,,,,,,,,,,,,,,,,,,,,,,,,,,,,,,,,,,,
"6	EDWFoundation	""[{""""SQLSource"""":{""""ServerName"""":""""EDWTest""""","DatabaseName"""":""""Foundation""""","SchemaName"""":""""dbo""""","TableName"""":""""Device_Type""""}}]""	""[{""""FileSink"""":{""""FileRoot"""":""""dls\\Raw\\EDWFoundation""""","FilePath"""":""""Device_Type\\YYYY\\MM\\DD\\""""","FileName"""":""""Device_Type_*.parquet""""}}]""	""[{""""ColumnName"""":""""Equip_Cat_Cd""""","DataType"""":""""varchar(16)""""","Nullability"""":""""not null""""","IsPrimaryKey"""":""""Yes""""}","{""""ColumnName"""":""""Device_Type_Cd""""","DataType"""":""""varchar(16)""""","Nullability"""":""""not null""""","IsPrimaryKey"""":""""Yes""""}","{""""ColumnName"""":""""Device_Type_Desc""""","DataType"""":""""varchar(64)""""","Nullability"""":""""not null""""","IsPrimaryKey"""":""""No""""}","{""""ColumnName"""":""""Load_Ts""""","DataType"""":""""datetime2(7)""""","Nullability"""":""""not null""""","IsPrimaryKey"""":""""No""""}","{""""ColumnName"""":""""Ses_Load_ID""""","DataType"""":""""bigint""""","Nullability"""":""""not null""""","IsPrimaryKey"""":""""No""""}","{""""ColumnName"""":""""Delta_Val""""","DataType"""":""""varchar(32)""""","Nullability"""":""""not null""""","IsPrimaryKey"""":""""No""""}]""	""[{""""No delta detect mechanism at source"""":""""""""}]""	NULL	NULL	0	NULL	NULL	NULL	2	Daily	NULL	Full	Source	1	0	Loading data from source to azure data lake storage	55:22.1	NULL	NULL	NULL	NULL	0",,,,,,,,,,,,,,,,,,,,,,,,,,,,,,,,,,,,,,,,,,,,,,,,,,,,,,,,,,,,,,,,,,,,,,,,,,,,,,,,,,,,,,,,,,,,,,,,,,,,,,,,,,,,,,,,,,,,,,,,,,,,,,,,,,,,,,,,,,,,,,,,,,,
"7	EDWFoundation	""[{""""SQLSource"""":{""""ServerName"""":""""EDWTest""""","DatabaseName"""":""""Foundation""""","SchemaName"""":""""dbo""""","TableName"""":""""Cycle""""}}]""	""[{""""FileSink"""":{""""FileRoot"""":""""dls\\Raw\\EDWFoundation""""","FilePath"""":""""Cycle\\YYYY\\MM\\DD\\""""","FileName"""":""""Cycle_*.parquet""""}}]""	""[{""""ColumnName"""":""""Cycle_Cd""""","DataType"""":""""varchar(16)""""","Nullability"""":""""not null""""","IsPrimaryKey"""":""""Yes""""}","{""""ColumnName"""":""""Cycle_Desc""""","DataType"""":""""varchar(64)""""","Nullability"""":""""not null""""","IsPrimaryKey"""":""""No""""}","{""""ColumnName"""":""""Load_Ts""""","DataType"""":""""datetime2(7)""""","Nullability"""":""""not null""""","IsPrimaryKey"""":""""No""""}","{""""ColumnName"""":""""Ses_Load_ID""""","DataType"""":""""bigint""""","Nullability"""":""""not null""""","IsPrimaryKey"""":""""No""""}","{""""ColumnName"""":""""Delta_Val""""","DataType"""":""""varchar(32)""""","Nullability"""":""""not null""""","IsPrimaryKey"""":""""No""""}]""	""[{""""No delta detect mechanism at source"""":""""""""}]""	NULL	NULL	0	NULL	NULL	NULL	2	Daily	NULL	Full	Source	1	0	Loading data from source to azure data lake storage	54:56.9	NULL	NULL	NULL	NULL	0",,,,,,,,,,,,,,,,,,,,,,,,,,,,,,,,,,,,,,,,,,,,,,,,,,,,,,,,,,,,,,,,,,,,,,,,,,,,,,,,,,,,,,,,,,,,,,,,,,,,,,,,,,,,,,,,,,,,,,,,,,,,,,,,,,,,,,,,,,,,,,,,,,,,,,,
"8	EDWFoundation	""[{""""SQLSource"""":{""""ServerName"""":""""EDWTest""""","DatabaseName"""":""""Foundation""""","SchemaName"""":""""dbo""""","TableName"""":""""Address""""}}]""	""[{""""FileSink"""":{""""FileRoot"""":""""dls\\Raw\\EDWFoundation""""","FilePath"""":""""Address\\YYYY\\MM\\DD\\""""","FileName"""":""""Address_*.parquet""""}}]""	""[{""""ColumnName"""":""""Addr_DW_ID""""","DataType"""":""""bigint""""","Nullability"""":""""not null""""","IsPrimaryKey"""":""""Yes""""}","{""""ColumnName"""":""""Addr_Src_ID""""","DataType"""":""""bigint""""","Nullability"""":""""not null""""","IsPrimaryKey"""":""""No""""}","{""""ColumnName"""":""""Cntry_Cd""""","DataType"""":""""varchar(16)""""","Nullability"""":""""null""""","IsPrimaryKey"""":""""No""""}","{""""ColumnName"""":""""State_or_Province_Cd""""","DataType"""":""""varchar(16)""""","Nullability"""":""""null""""","IsPrimaryKey"""":""""No""""}","{""""ColumnName"""":""""City_ID""""","DataType"""":""""bigint""""","Nullability"""":""""null""""","IsPrimaryKey"""":""""No""""}","{""""ColumnName"""":""""Region_Cd""""","DataType"""":""""varchar(16)""""","Nullability"""":""""null""""","IsPrimaryKey"""":""""No""""}","{""""ColumnName"""":""""Geo_Area_Cd""""","DataType"""":""""varchar(16)""""","Nullability"""":""""null""""","IsPrimaryKey"""":""""No""""}","{""""ColumnName"""":""""Cnty_Cd""""","DataType"""":""""varchar(16)""""","Nullability"""":""""null""""","IsPrimaryKey"""":""""No""""}","{""""ColumnName"""":""""Postal_Cd""""","DataType"""":""""varchar(16)""""","Nullability"""":""""null""""","IsPrimaryKey"""":""""No""""}","{""""ColumnName"""":""""St_Nbr""""","DataType"""":""""varchar(32)""""","Nullability"""":""""null""""","IsPrimaryKey"""":""""No""""}","{""""ColumnName"""":""""St_Addr""""","DataType"""":""""varchar(125)""""","Nullability"""":""""null""""","IsPrimaryKey"""":""""No""""}","{""""ColumnName"""":""""Apt_Nbr""""","DataType"""":""""varchar(32)""""","Nullability"""":""""null""""","IsPrimaryKey"""":""""No""""}","{""""ColumnName"""":""""Flr_Nbr""""","DataType"""":""""varchar(32)""""","Nullability"""":""""null""""","IsPrimaryKey"""":""""No""""}","{""""ColumnName"""":""""Bldg_Name""""","DataType"""":""""varchar(64)""""","Nullability"""":""""null""""","IsPrimaryKey"""":""""No""""}","{""""ColumnName"""":""""PO_Box_Nbr""""","DataType"""":""""varchar(32)""""","Nullability"""":""""null""""","IsPrimaryKey"""":""""No""""}","{""""ColumnName"""":""""Line_1_Addr""""","DataType"""":""""varchar(125)""""","Nullability"""":""""null""""","IsPrimaryKey"""":""""No""""}","{""""ColumnName"""":""""Line_2_Addr""""","DataType"""":""""varchar(125)""""","Nullability"""":""""null""""","IsPrimaryKey"""":""""No""""}","{""""ColumnName"""":""""Line_3_Addr""""","DataType"""":""""varchar(125)""""","Nullability"""":""""null""""","IsPrimaryKey"""":""""No""""}","{""""ColumnName"""":""""Load_Ts""""","DataType"""":""""datetime2(7)""""","Nullability"""":""""not null""""","IsPrimaryKey"""":""""No""""}","{""""ColumnName"""":""""Ses_Load_ID""""","DataType"""":""""bigint""""","Nullability"""":""""not null""""","IsPrimaryKey"""":""""No""""}","{""""ColumnName"""":""""Delta_Val""""","DataType"""":""""varchar(32)""""","Nullability"""":""""not null""""","IsPrimaryKey"""":""""No""""}]""	""[{""""No delta detect mechanism at source"""":""""""""}]""	NULL	NULL	0	NULL	NULL	NULL	2	Daily	NULL	Full	Source	1	0	Loading data from source to azure data lake storage	53:59.7	NULL	NULL	NULL	NULL	0",,,,,,,,,,,,,,,,,,,,,,,,,,,,,,,,,,,,,,,,,,,,,,,,,,,,,,,,,,,,,,,,,,,,,,,,,,,,,,,,,,,,,,,
"9	EDWFoundation	""[{""""SQLSource"""":{""""ServerName"""":""""EDWTest""""","DatabaseName"""":""""Foundation""""","SchemaName"""":""""dbo""""","TableName"""":""""Modfn_Type""""}}]""	""[{""""FileSink"""":{""""FileRoot"""":""""dls\\Raw\\EDWFoundation""""","FilePath"""":""""Modfn_Type\\YYYY\\MM\\DD\\""""","FileName"""":""""Modfn_Type_*.parquet""""}}]""	""[{""""ColumnName"""":""""Modfn_Type_Cd""""","DataType"""":""""varchar(16)""""","Nullability"""":""""not null""""","IsPrimaryKey"""":""""Yes""""}","{""""ColumnName"""":""""Modfn_Type_Desc""""","DataType"""":""""varchar(64)""""","Nullability"""":""""not null""""","IsPrimaryKey"""":""""No""""}","{""""ColumnName"""":""""Load_Ts""""","DataType"""":""""datetime2(7)""""","Nullability"""":""""not null""""","IsPrimaryKey"""":""""No""""}","{""""ColumnName"""":""""Ses_Load_ID""""","DataType"""":""""bigint""""","Nullability"""":""""not null""""","IsPrimaryKey"""":""""No""""}","{""""ColumnName"""":""""Delta_Val""""","DataType"""":""""varchar(32)""""","Nullability"""":""""not null""""","IsPrimaryKey"""":""""No""""}]""	""[{""""No delta detect mechanism at source"""":""""""""}]""	NULL	NULL	0	NULL	NULL	NULL	2	Daily	NULL	Full	Source	1	0	Loading data from source to azure data lake storage	55:53.1	NULL	NULL	NULL	NULL	0",,,,,,,,,,,,,,,,,,,,,,,,,,,,,,,,,,,,,,,,,,,,,,,,,,,,,,,,,,,,,,,,,,,,,,,,,,,,,,,,,,,,,,,,,,,,,,,,,,,,,,,,,,,,,,,,,,,,,,,,,,,,,,,,,,,,,,,,,,,,,,,,,,,,,,,
"10	EDWFoundation	""[{""""SQLSource"""":{""""ServerName"""":""""EDWTest""""","DatabaseName"""":""""Foundation""""","SchemaName"""":""""dbo""""","TableName"""":""""Equip_Status""""}}]""	""[{""""FileSink"""":{""""FileRoot"""":""""dls\\Raw\\EDWFoundation""""","FilePath"""":""""Equip_Status\\YYYY\\MM\\DD\\""""","FileName"""":""""Equip_Status_*.parquet""""}}]""	""[{""""ColumnName"""":""""Equip_Status_Cd""""","DataType"""":""""varchar(16)""""","Nullability"""":""""not null""""","IsPrimaryKey"""":""""Yes""""}","{""""ColumnName"""":""""Equip_Status_Desc""""","DataType"""":""""varchar(64)""""","Nullability"""":""""not null""""","IsPrimaryKey"""":""""No""""}","{""""ColumnName"""":""""Load_Ts""""","DataType"""":""""datetime2(7)""""","Nullability"""":""""not null""""","IsPrimaryKey"""":""""No""""}","{""""ColumnName"""":""""Ses_Load_ID""""","DataType"""":""""bigint""""","Nullability"""":""""not null""""","IsPrimaryKey"""":""""No""""}","{""""ColumnName"""":""""Delta_Val""""","DataType"""":""""varchar(32)""""","Nullability"""":""""not null""""","IsPrimaryKey"""":""""No""""}]""	""[{""""No delta detect mechanism at source"""":""""""""}]""	NULL	NULL	0	NULL	NULL	NULL	2	Daily	NULL	Full	Source	1	0	Loading data from source to azure data lake storage	55:27.7	NULL	NULL	NULL	NULL	0",,,,,,,,,,,,,,,,,,,,,,,,,,,,,,,,,,,,,,,,,,,,,,,,,,,,,,,,,,,,,,,,,,,,,,,,,,,,,,,,,,,,,,,,,,,,,,,,,,,,,,,,,,,,,,,,,,,,,,,,,,,,,,,,,,,,,,,,,,,,,,,,,,,,,,,
"11	EDWFoundation	""[{""""SQLSource"""":{""""ServerName"""":""""EDWTest""""","DatabaseName"""":""""Foundation""""","SchemaName"""":""""dbo""""","TableName"""":""""Device_Loc""""}}]""	""[{""""FileSink"""":{""""FileRoot"""":""""dls\\Raw\\EDWFoundation""""","FilePath"""":""""Device_Loc\\YYYY\\MM\\DD\\""""","FileName"""":""""Device_Loc_*.parquet""""}}]""	""[{""""ColumnName"""":""""Device_Loc_DW_ID""""","DataType"""":""""bigint""""","Nullability"""":""""not null""""","IsPrimaryKey"""":""""Yes""""}","{""""ColumnName"""":""""Device_Loc_Src_ID""""","DataType"""":""""bigint""""","Nullability"""":""""not null""""","IsPrimaryKey"""":""""No""""}","{""""ColumnName"""":""""Premise_DW_ID""""","DataType"""":""""bigint""""","Nullability"""":""""not null""""","IsPrimaryKey"""":""""No""""}","{""""ColumnName"""":""""Volt_Type_Cd""""","DataType"""":""""varchar(16)""""","Nullability"""":""""null""""","IsPrimaryKey"""":""""No""""}","{""""ColumnName"""":""""Discon_Type_Cd""""","DataType"""":""""varchar(16)""""","Nullability"""":""""null""""","IsPrimaryKey"""":""""No""""}","{""""ColumnName"""":""""Trfmr_1_Size_Type_Cd""""","DataType"""":""""varchar(16)""""","Nullability"""":""""null""""","IsPrimaryKey"""":""""No""""}","{""""ColumnName"""":""""Trfmr_2_Size_Type_Cd""""","DataType"""":""""varchar(16)""""","Nullability"""":""""null""""","IsPrimaryKey"""":""""No""""}","{""""ColumnName"""":""""Trfmr_3_Size_Type_Cd""""","DataType"""":""""varchar(16)""""","Nullability"""":""""null""""","IsPrimaryKey"""":""""No""""}","{""""ColumnName"""":""""Mtr_Loc_Cd""""","DataType"""":""""varchar(16)""""","Nullability"""":""""null""""","IsPrimaryKey"""":""""No""""}","{""""ColumnName"""":""""Mtr_Loc_Detail_Txt""""","DataType"""":""""varchar(512)""""","Nullability"""":""""null""""","IsPrimaryKey"""":""""No""""}","{""""ColumnName"""":""""Mtr_Loc_Dir_Txt""""","DataType"""":""""varchar(512)""""","Nullability"""":""""null""""","IsPrimaryKey"""":""""No""""}","{""""ColumnName"""":""""Underground_Svc_Ind""""","DataType"""":""""tinyint""""","Nullability"""":""""not null""""","IsPrimaryKey"""":""""No""""}","{""""ColumnName"""":""""Phs_Nbr""""","DataType"""":""""varchar(32)""""","Nullability"""":""""null""""","IsPrimaryKey"""":""""No""""}","{""""ColumnName"""":""""Full_Scale_Qty""""","DataType"""":""""numeric(15","4)""""","Nullability"""":""""null""""","IsPrimaryKey"""":""""No""""}","{""""ColumnName"""":""""Tot_HP_Rtng_Qty""""","DataType"""":""""numeric(15","4)""""","Nullability"""":""""null""""","IsPrimaryKey"""":""""No""""}","{""""ColumnName"""":""""Turns_Per_Leg_Count""""","DataType"""":""""numeric(18","0)""""","Nullability"""":""""null""""","IsPrimaryKey"""":""""No""""}","{""""ColumnName"""":""""Site_Idfcn_Nbr""""","DataType"""":""""varchar(32)""""","Nullability"""":""""null""""","IsPrimaryKey"""":""""No""""}","{""""ColumnName"""":""""Site_Verifn_Dt""""","DataType"""":""""date""""","Nullability"""":""""null""""","IsPrimaryKey"""":""""No""""}","{""""ColumnName"""":""""Verifn_Note_Txt""""","DataType"""":""""varchar(512)""""","Nullability"""":""""null""""","IsPrimaryKey"""":""""No""""}","{""""ColumnName"""":""""Src_Del_Ind""""","DataType"""":""""tinyint""""","Nullability"""":""""not null""""","IsPrimaryKey"""":""""No""""}","{""""ColumnName"""":""""Load_Ts""""","DataType"""":""""datetime2(7)""""","Nullability"""":""""not null""""","IsPrimaryKey"""":""""No""""}","{""""ColumnName"""":""""Ses_Load_ID""""","DataType"""":""""bigint""""","Nullability"""":""""not null""""","IsPrimaryKey"""":""""No""""}","{""""ColumnName"""":""""Delta_Val""""","DataType"""":""""varchar(32)""""","Nullability"""":""""not null""""","IsPrimaryKey"""":""""No""""}","{""""ColumnName"""":""""GISO_Nbr""""","DataType"""":""""varchar(32)""""","Nullability"""":""""null""""","IsPrimaryKey"""":""""No""""}","{""""ColumnName"""":""""Team_Name""""","DataType"""":""""varchar(64)""""","Nullability"""":""""null""""","IsPrimaryKey"""":""""No""""}","{""""ColumnName"""":""""Lat_Val""""","DataType"""":""""varchar(32)""""","Nullability"""":""""null""""","IsPrimaryKey"""":""""No""""}","{""""ColumnName"""":""""Long_Val""""","DataType"""":""""varchar(32)""""","Nullability"""":""""null""""","IsPrimaryKey"""":""""No""""}","{""""ColumnName"""":""""Temp_Permit_Nbr""""","DataType"""":""""varchar(32)""""","Nullability"""":""""null""""","IsPrimaryKey"""":""""No""""}","{""""ColumnName"""":""""Temp_Permit_Rcvd_Dt""""","DataType"""":""""date""""","Nullability"""":""""null""""","IsPrimaryKey"""":""""No""""}","{""""ColumnName"""":""""Perm_Permit_Nbr""""","DataType"""":""""varchar(32)""""","Nullability"""":""""null""""","IsPrimaryKey"""":""""No""""}","{""""ColumnName"""":""""Perm_Permit_Rcvd_Dt""""","DataType"""":""""date""""","Nullability"""":""""null""""","IsPrimaryKey"""":""""No""""}","{""""ColumnName"""":""""Line_Extn_WO_Nbr""""","DataType"""":""""varchar(32)""""","Nullability"""":""""null""""","IsPrimaryKey"""":""""No""""}","{""""ColumnName"""":""""Line_Extn_Seq""""","DataType"""":""""int""""","Nullability"""":""""null""""","IsPrimaryKey"""":""""No""""}","{""""ColumnName"""":""""Subd_Lot_Nbr""""","DataType"""":""""int""""","Nullability"""":""""null""""","IsPrimaryKey"""":""""No""""}","{""""ColumnName"""":""""Subd_Block_Nbr""""","DataType"""":""""int""""","Nullability"""":""""null""""","IsPrimaryKey"""":""""No""""}","{""""ColumnName"""":""""Subd_Name""""","DataType"""":""""varchar(64)""""","Nullability"""":""""null""""","IsPrimaryKey"""":""""No""""}","{""""ColumnName"""":""""Seal_Nbr""""","DataType"""":""""varchar(32)""""","Nullability"""":""""null""""","IsPrimaryKey"""":""""No""""}","{""""ColumnName"""":""""Estd_Trench_Ftg_Nbr""""","DataType"""":""""int""""","Nullability"""":""""null""""","IsPrimaryKey"""":""""No""""}","{""""ColumnName"""":""""Wire_Vintage_Yr""""","DataType"""":""""int""""","Nullability"""":""""null""""","IsPrimaryKey"""":""""No""""}","{""""ColumnName"""":""""Mtr_Base_Type_Cd""""","DataType"""":""""varchar(16)""""","Nullability"""":""""null""""","IsPrimaryKey"""":""""No""""}","{""""ColumnName"""":""""Mtr_Dir_Type_Cd""""","DataType"""":""""varchar(16)""""","Nullability"""":""""null""""","IsPrimaryKey"""":""""No""""}","{""""ColumnName"""":""""OMS_Notify_Ind""""","DataType"""":""""tinyint""""","Nullability"""":""""null""""","IsPrimaryKey"""":""""No""""}]""	""[{""""No delta detect mechanism at source"""":""""""""}]""	NULL	NULL	0	NULL	NULL	NULL	2	Daily	NULL	Full	Source	1	0	Loading data from source to azure data lake storage	55:11.6	NULL	NULL	NULL	NULL	0"
"12	EDWFoundation	""[{""""SQLSource"""":{""""ServerName"""":""""EDWTest""""","DatabaseName"""":""""Foundation""""","SchemaName"""":""""dbo""""","TableName"""":""""Device_Loc_Equip""""}}]""	""[{""""FileSink"""":{""""FileRoot"""":""""dls\\Raw\\EDWFoundation""""","FilePath"""":""""Device_Loc_Equip\\YYYY\\MM\\DD\\""""","FileName"""":""""Device_Loc_Equip_*.parquet""""}}]""	""[{""""ColumnName"""":""""Device_Loc_Equip_DW_ID""""","DataType"""":""""bigint""""","Nullability"""":""""not null""""","IsPrimaryKey"""":""""Yes""""}","{""""ColumnName"""":""""Equip_DW_ID""""","DataType"""":""""bigint""""","Nullability"""":""""not null""""","IsPrimaryKey"""":""""No""""}","{""""ColumnName"""":""""Device_Loc_DW_ID""""","DataType"""":""""bigint""""","Nullability"""":""""null""""","IsPrimaryKey"""":""""No""""}","{""""ColumnName"""":""""Device_Loc_Equip_From_Dt""""","DataType"""":""""date""""","Nullability"""":""""not null""""","IsPrimaryKey"""":""""No""""}","{""""ColumnName"""":""""Device_Loc_Equip_Thru_Dt""""","DataType"""":""""date""""","Nullability"""":""""null""""","IsPrimaryKey"""":""""No""""}","{""""ColumnName"""":""""Installn_DW_ID""""","DataType"""":""""bigint""""","Nullability"""":""""null""""","IsPrimaryKey"""":""""No""""}","{""""ColumnName"""":""""Src_Del_Ind""""","DataType"""":""""tinyint""""","Nullability"""":""""not null""""","IsPrimaryKey"""":""""No""""}","{""""ColumnName"""":""""Load_Ts""""","DataType"""":""""datetime2(7)""""","Nullability"""":""""not null""""","IsPrimaryKey"""":""""No""""}","{""""ColumnName"""":""""Ses_Load_ID""""","DataType"""":""""bigint""""","Nullability"""":""""not null""""","IsPrimaryKey"""":""""No""""}","{""""ColumnName"""":""""Delta_Val""""","DataType"""":""""varchar(32)""""","Nullability"""":""""not null""""","IsPrimaryKey"""":""""No""""}","{""""ColumnName"""":""""Register_Grp_Type_Cd""""","DataType"""":""""varchar(16)""""","Nullability"""":""""null""""","IsPrimaryKey"""":""""No""""}]""	""[{""""No delta detect mechanism at source"""":""""""""}]""	NULL	NULL	0	NULL	NULL	NULL	2	Daily	NULL	Full	Source	1	0	Loading data from source to azure data lake storage	54:54.5	NULL	NULL	NULL	NULL	0",,,,,,,,,,,,,,,,,,,,,,,,,,,,,,,,,,,,,,,,,,,,,,,,,,,,,,,,,,,,,,,,,,,,,,,,,,,,,,,,,,,,,,,,,,,,,,,,,,,,,,,,,,,,,,,,,,,,,,,,,,,,,,,
"93	EDWFoundation	""[{""""FileSource"""":{""""FileRoot"""":""""dls\\Raw\\EDWFoundation""""","FilePath"""":""""Bill_Class_Type\\YYYY\\MM\\DD\\""""","FileName"""":""""Bill_Class_Type_*.parquet""""}}]""	""[{""""SQLSink"""":{""""ServerName"""":""""syn-ipcdev-dataservices-dev.sql.azuresynapse.net""""","DatabaseName"""":""""sqldwdataservices""""","SinkSchema"""":""""EDWFoundation""""","SinkTable"""":""""Bill_Class_Type""""}}]""	NULL	""[{""""No delta detect mechanism at source"""":""""""""}]""	NULL	NULL	0	EDWFoundation.usp_Load_Bill_Class_Type	NULL	20000	2	Daily	NULL	Full	Stage	3	1	Loading data from azure data lake storage to staging tables	08:02.9	NULL	NULL	NULL	14	0",,,,,,,,,,,,,,,,,,,,,,,,,,,,,,,,,,,,,,,,,,,,,,,,,,,,,,,,,,,,,,,,,,,,,,,,,,,,,,,,,,,,,,,,,,,,,,,,,,,,,,,,,,,,,,,,,,,,,,,,,,,,,,,,,,,,,,,,,,,,,,,,,,,,,,,,,,,,,,,,,,,,,,,,,,
"94	EDWFoundation	""[{""""FileSource"""":{""""FileRoot"""":""""dls\\Raw\\EDWFoundation""""","FilePath"""":""""Modfn_Type\\YYYY\\MM\\DD\\""""","FileName"""":""""Modfn_Type_*.parquet""""}}]""	""[{""""SQLSink"""":{""""ServerName"""":""""syn-ipcdev-dataservices-dev.sql.azuresynapse.net""""","DatabaseName"""":""""sqldwdataservices""""","SinkSchema"""":""""EDWFoundation""""","SinkTable"""":""""Modfn_Type""""}}]""	NULL	""[{""""No delta detect mechanism at source"""":""""""""}]""	NULL	NULL	0	EDWFoundation.usp_Load_Modfn_Type	NULL	20000	2	Daily	NULL	Full	Stage	3	1	Loading data from azure data lake storage to staging tables	10:05.6	NULL	NULL	NULL	9	0",,,,,,,,,,,,,,,,,,,,,,,,,,,,,,,,,,,,,,,,,,,,,,,,,,,,,,,,,,,,,,,,,,,,,,,,,,,,,,,,,,,,,,,,,,,,,,,,,,,,,,,,,,,,,,,,,,,,,,,,,,,,,,,,,,,,,,,,,,,,,,,,,,,,,,,,,,,,,,,,,,,,,,,,,,
"95	EDWFoundation	""[{""""FileSource"""":{""""FileRoot"""":""""dls\\Raw\\EDWFoundation""""","FilePath"""":""""Stock_Status\\YYYY\\MM\\DD\\""""","FileName"""":""""Stock_Status_*.parquet""""}}]""	""[{""""SQLSink"""":{""""ServerName"""":""""syn-ipcdev-dataservices-dev.sql.azuresynapse.net""""","DatabaseName"""":""""sqldwdataservices""""","SinkSchema"""":""""EDWFoundation""""","SinkTable"""":""""Stock_Status""""}}]""	NULL	""[{""""No delta detect mechanism at source"""":""""""""}]""	NULL	NULL	0	EDWFoundation.usp_Load_Stock_Status	NULL	20000	2	Daily	NULL	Full	Stage	3	1	Loading data from azure data lake storage to staging tables	13:02.2	NULL	NULL	NULL	20	0",,,,,,,,,,,,,,,,,,,,,,,,,,,,,,,,,,,,,,,,,,,,,,,,,,,,,,,,,,,,,,,,,,,,,,,,,,,,,,,,,,,,,,,,,,,,,,,,,,,,,,,,,,,,,,,,,,,,,,,,,,,,,,,,,,,,,,,,,,,,,,,,,,,,,,,,,,,,,,,,,,,,,,,,,,
"13	EDWFoundation	""[{""""SQLSource"""":{""""ServerName"""":""""EDWTest""""","DatabaseName"""":""""Foundation""""","SchemaName"""":""""dbo""""","TableName"""":""""Party""""}}]""	""[{""""FileSink"""":{""""FileRoot"""":""""dls\\Raw\\EDWFoundation""""","FilePath"""":""""Party\\YYYY\\MM\\DD\\""""","FileName"""":""""Party_*.parquet""""}}]""	""[{""""ColumnName"""":""""Party_DW_ID""""","DataType"""":""""bigint""""","Nullability"""":""""not null""""","IsPrimaryKey"""":""""Yes""""}","{""""ColumnName"""":""""Party_Src_ID""""","DataType"""":""""bigint""""","Nullability"""":""""not null""""","IsPrimaryKey"""":""""No""""}","{""""ColumnName"""":""""Party_Full_Name""""","DataType"""":""""varchar(64)""""","Nullability"""":""""not null""""","IsPrimaryKey"""":""""No""""}","{""""ColumnName"""":""""Party_Type_Cd""""","DataType"""":""""varchar(16)""""","Nullability"""":""""not null""""","IsPrimaryKey"""":""""No""""}","{""""ColumnName"""":""""Lang_Type_Cd""""","DataType"""":""""varchar(16)""""","Nullability"""":""""not null""""","IsPrimaryKey"""":""""No""""}","{""""ColumnName"""":""""Crspnd_Lang_Type_Cd""""","DataType"""":""""varchar(16)""""","Nullability"""":""""not null""""","IsPrimaryKey"""":""""No""""}","{""""ColumnName"""":""""Org_Type_Cd""""","DataType"""":""""varchar(16)""""","Nullability"""":""""null""""","IsPrimaryKey"""":""""No""""}","{""""ColumnName"""":""""Prefix_Name""""","DataType"""":""""varchar(64)""""","Nullability"""":""""null""""","IsPrimaryKey"""":""""No""""}","{""""ColumnName"""":""""First_Name""""","DataType"""":""""varchar(64)""""","Nullability"""":""""null""""","IsPrimaryKey"""":""""No""""}","{""""ColumnName"""":""""Mid_Name""""","DataType"""":""""varchar(64)""""","Nullability"""":""""null""""","IsPrimaryKey"""":""""No""""}","{""""ColumnName"""":""""Last_Name""""","DataType"""":""""varchar(64)""""","Nullability"""":""""null""""","IsPrimaryKey"""":""""No""""}","{""""ColumnName"""":""""Suffix_Name""""","DataType"""":""""varchar(64)""""","Nullability"""":""""null""""","IsPrimaryKey"""":""""No""""}","{""""ColumnName"""":""""Allow_Contact_Ind""""","DataType"""":""""tinyint""""","Nullability"""":""""null""""","IsPrimaryKey"""":""""No""""}","{""""ColumnName"""":""""Party_Lgcy_ID""""","DataType"""":""""bigint""""","Nullability"""":""""null""""","IsPrimaryKey"""":""""No""""}","{""""ColumnName"""":""""Src_Del_Ind""""","DataType"""":""""tinyint""""","Nullability"""":""""not null""""","IsPrimaryKey"""":""""No""""}","{""""ColumnName"""":""""Load_Ts""""","DataType"""":""""datetime2(7)""""","Nullability"""":""""not null""""","IsPrimaryKey"""":""""No""""}","{""""ColumnName"""":""""Ses_Load_ID""""","DataType"""":""""bigint""""","Nullability"""":""""not null""""","IsPrimaryKey"""":""""No""""}","{""""ColumnName"""":""""Delta_Val""""","DataType"""":""""varchar(32)""""","Nullability"""":""""not null""""","IsPrimaryKey"""":""""No""""}","{""""ColumnName"""":""""Phone_Nbr""""","DataType"""":""""varchar(32)""""","Nullability"""":""""null""""","IsPrimaryKey"""":""""No""""}","{""""ColumnName"""":""""Elct_Addr_Name""""","DataType"""":""""varchar(64)""""","Nullability"""":""""null""""","IsPrimaryKey"""":""""No""""}","{""""ColumnName"""":""""Hostile_Cust_Ind""""","DataType"""":""""tinyint""""","Nullability"""":""""null""""","IsPrimaryKey"""":""""No""""}]""	""[{""""No delta detect mechanism at source"""":""""""""}]""	NULL	NULL	0	NULL	NULL	NULL	2	Daily	NULL	Full	Source	1	0	Loading data from source to azure data lake storage	56:06.5	NULL	NULL	NULL	NULL	0",,,,,,,,,,,,,,,,,,,,,,,,,,,,,,,,,,,,,,,,,,,,,,,,,,,,,,,,,,,,,,,,,,,,,,,,,,,,,,,,,,,,,,,
"14	EDWFoundation	""[{""""SQLSource"""":{""""ServerName"""":""""EDWTest""""","DatabaseName"""":""""Foundation""""","SchemaName"""":""""dbo""""","TableName"""":""""Bill_Class_Type""""}}]""	""[{""""FileSink"""":{""""FileRoot"""":""""dls\\Raw\\EDWFoundation""""","FilePath"""":""""Bill_Class_Type\\YYYY\\MM\\DD\\""""","FileName"""":""""Bill_Class_Type_*.parquet""""}}]""	""[{""""ColumnName"""":""""Bill_Class_Type_Cd""""","DataType"""":""""varchar(16)""""","Nullability"""":""""not null""""","IsPrimaryKey"""":""""Yes""""}","{""""ColumnName"""":""""Bill_Class_Type_Desc""""","DataType"""":""""varchar(64)""""","Nullability"""":""""not null""""","IsPrimaryKey"""":""""No""""}","{""""ColumnName"""":""""Load_Ts""""","DataType"""":""""datetime2(7)""""","Nullability"""":""""not null""""","IsPrimaryKey"""":""""No""""}","{""""ColumnName"""":""""Ses_Load_ID""""","DataType"""":""""bigint""""","Nullability"""":""""not null""""","IsPrimaryKey"""":""""No""""}","{""""ColumnName"""":""""Delta_Val""""","DataType"""":""""varchar(32)""""","Nullability"""":""""not null""""","IsPrimaryKey"""":""""No""""}]""	""[{""""No delta detect mechanism at source"""":""""""""}]""	NULL	NULL	0	NULL	NULL	NULL	2	Daily	NULL	Full	Source	1	0	Loading data from source to azure data lake storage	53:57.9	NULL	NULL	NULL	NULL	0",,,,,,,,,,,,,,,,,,,,,,,,,,,,,,,,,,,,,,,,,,,,,,,,,,,,,,,,,,,,,,,,,,,,,,,,,,,,,,,,,,,,,,,,,,,,,,,,,,,,,,,,,,,,,,,,,,,,,,,,,,,,,,,,,,,,,,,,,,,,,,,,,,,,,,,
"98	EDWFoundation	""[{""""FileSource"""":{""""FileRoot"""":""""dls\\Raw\\EDWFoundation""""","FilePath"""":""""Cust_Agmt\\YYYY\\MM\\DD\\""""","FileName"""":""""Cust_Agmt_*.parquet""""}}]""	""[{""""SQLSink"""":{""""ServerName"""":""""syn-ipcdev-dataservices-dev.sql.azuresynapse.net""""","DatabaseName"""":""""sqldwdataservices""""","SinkSchema"""":""""EDWFoundation""""","SinkTable"""":""""Cust_Agmt""""}}]""	NULL	""[{""""No delta detect mechanism at source"""":""""""""}]""	NULL	NULL	0	EDWFoundation.usp_Load_Cust_Agmt	NULL	20000	2	Daily	NULL	Full	Stage	3	1	Loading data from azure data lake storage to staging tables	08:40.2	NULL	NULL	NULL	2	0",,,,,,,,,,,,,,,,,,,,,,,,,,,,,,,,,,,,,,,,,,,,,,,,,,,,,,,,,,,,,,,,,,,,,,,,,,,,,,,,,,,,,,,,,,,,,,,,,,,,,,,,,,,,,,,,,,,,,,,,,,,,,,,,,,,,,,,,,,,,,,,,,,,,,,,,,,,,,,,,,,,,,,,,,,
"99	EDWFoundation	""[{""""FileSource"""":{""""FileRoot"""":""""dls\\Raw\\EDWFoundation""""","FilePath"""":""""Premise\\YYYY\\MM\\DD\\""""","FileName"""":""""Premise_*.parquet""""}}]""	""[{""""SQLSink"""":{""""ServerName"""":""""syn-ipcdev-dataservices-dev.sql.azuresynapse.net""""","DatabaseName"""":""""sqldwdataservices""""","SinkSchema"""":""""EDWFoundation""""","SinkTable"""":""""Premise""""}}]""	NULL	""[{""""No delta detect mechanism at source"""":""""""""}]""	NULL	NULL	0	EDWFoundation.usp_Load_Premise	NULL	20000	2	Daily	NULL	Full	Stage	3	1	Loading data from azure data lake storage to staging tables	11:20.1	NULL	NULL	NULL	4	0",,,,,,,,,,,,,,,,,,,,,,,,,,,,,,,,,,,,,,,,,,,,,,,,,,,,,,,,,,,,,,,,,,,,,,,,,,,,,,,,,,,,,,,,,,,,,,,,,,,,,,,,,,,,,,,,,,,,,,,,,,,,,,,,,,,,,,,,,,,,,,,,,,,,,,,,,,,,,,,,,,,,,,,,,,
"15	EDWFoundation	""[{""""SQLSource"""":{""""ServerName"""":""""EDWTest""""","DatabaseName"""":""""Foundation""""","SchemaName"""":""""dbo""""","TableName"""":""""Installn_Hist""""}}]""	""[{""""FileSink"""":{""""FileRoot"""":""""dls\\Raw\\EDWFoundation""""","FilePath"""":""""Installn_Hist\\YYYY\\MM\\DD\\""""","FileName"""":""""Installn_Hist_*.parquet""""}}]""	""[{""""ColumnName"""":""""Installn_Hist_DW_ID""""","DataType"""":""""bigint""""","Nullability"""":""""not null""""","IsPrimaryKey"""":""""Yes""""}","{""""ColumnName"""":""""Installn_DW_ID""""","DataType"""":""""bigint""""","Nullability"""":""""not null""""","IsPrimaryKey"""":""""No""""}","{""""ColumnName"""":""""Installn_Hist_From_Dt""""","DataType"""":""""date""""","Nullability"""":""""not null""""","IsPrimaryKey"""":""""No""""}","{""""ColumnName"""":""""Installn_Hist_Thru_Dt""""","DataType"""":""""date""""","Nullability"""":""""null""""","IsPrimaryKey"""":""""No""""}","{""""ColumnName"""":""""Installn_Src_ID""""","DataType"""":""""bigint""""","Nullability"""":""""not null""""","IsPrimaryKey"""":""""No""""}","{""""ColumnName"""":""""Bill_Class_Type_Cd""""","DataType"""":""""varchar(16)""""","Nullability"""":""""null""""","IsPrimaryKey"""":""""No""""}","{""""ColumnName"""":""""Rate_Cat_Cd""""","DataType"""":""""varchar(16)""""","Nullability"""":""""null""""","IsPrimaryKey"""":""""No""""}","{""""ColumnName"""":""""Industry_Classfn_Type_Cd""""","DataType"""":""""varchar(16)""""","Nullability"""":""""null""""","IsPrimaryKey"""":""""No""""}","{""""ColumnName"""":""""FFee_Muni_Cd""""","DataType"""":""""varchar(16)""""","Nullability"""":""""null""""","IsPrimaryKey"""":""""No""""}","{""""ColumnName"""":""""Mtr_Rdng_Mthd_Type_Cd""""","DataType"""":""""varchar(16)""""","Nullability"""":""""not null""""","IsPrimaryKey"""":""""No""""}","{""""ColumnName"""":""""Mtr_Rdng_Cycle_Cd""""","DataType"""":""""varchar(16)""""","Nullability"""":""""not null""""","IsPrimaryKey"""":""""No""""}","{""""ColumnName"""":""""Mtr_Rdng_Route_Cd""""","DataType"""":""""varchar(16)""""","Nullability"""":""""not null""""","IsPrimaryKey"""":""""No""""}","{""""ColumnName"""":""""Load_Ts""""","DataType"""":""""datetime2(7)""""","Nullability"""":""""not null""""","IsPrimaryKey"""":""""No""""}","{""""ColumnName"""":""""Ses_Load_ID""""","DataType"""":""""bigint""""","Nullability"""":""""not null""""","IsPrimaryKey"""":""""No""""}","{""""ColumnName"""":""""Delta_Val""""","DataType"""":""""varchar(32)""""","Nullability"""":""""not null""""","IsPrimaryKey"""":""""No""""}]""	""[{""""No delta detect mechanism at source"""":""""""""}]""	NULL	NULL	0	NULL	NULL	NULL	2	Daily	NULL	Full	Source	1	0	Loading data from source to azure data lake storage	55:39.3	NULL	NULL	NULL	NULL	0",,,,,,,,,,,,,,,,,,,,,,,,,,,,,,,,,,,,,,,,,,,,,,,,,,,,,,,,,,,,,,,,,,,,,,,,,,,,,,,,,,,,,,,,,,,,,,,,,,,,,,,,,,,,,,,
"16	EDWFoundation	""[{""""SQLSource"""":{""""ServerName"""":""""EDWTest""""","DatabaseName"""":""""Foundation""""","SchemaName"""":""""dbo""""","TableName"""":""""Manufacturer""""}}]""	""[{""""FileSink"""":{""""FileRoot"""":""""dls\\Raw\\EDWFoundation""""","FilePath"""":""""Manufacturer\\YYYY\\MM\\DD\\""""","FileName"""":""""Manufacturer_*.parquet""""}}]""	""[{""""ColumnName"""":""""Mfr_Cd""""","DataType"""":""""varchar(16)""""","Nullability"""":""""not null""""","IsPrimaryKey"""":""""Yes""""}","{""""ColumnName"""":""""Mfr_Name""""","DataType"""":""""varchar(64)""""","Nullability"""":""""not null""""","IsPrimaryKey"""":""""No""""}","{""""ColumnName"""":""""Load_Ts""""","DataType"""":""""datetime2(7)""""","Nullability"""":""""not null""""","IsPrimaryKey"""":""""No""""}","{""""ColumnName"""":""""Ses_Load_ID""""","DataType"""":""""bigint""""","Nullability"""":""""not null""""","IsPrimaryKey"""":""""No""""}","{""""ColumnName"""":""""Delta_Val""""","DataType"""":""""varchar(32)""""","Nullability"""":""""not null""""","IsPrimaryKey"""":""""No""""}]""	""[{""""No delta detect mechanism at source"""":""""""""}]""	NULL	NULL	0	NULL	NULL	NULL	2	Daily	NULL	Full	Source	1	0	Loading data from source to azure data lake storage	55:44.5	NULL	NULL	NULL	NULL	0",,,,,,,,,,,,,,,,,,,,,,,,,,,,,,,,,,,,,,,,,,,,,,,,,,,,,,,,,,,,,,,,,,,,,,,,,,,,,,,,,,,,,,,,,,,,,,,,,,,,,,,,,,,,,,,,,,,,,,,,,,,,,,,,,,,,,,,,,,,,,,,,,,,,,,,
"17	EDWFoundation	""[{""""SQLSource"""":{""""ServerName"""":""""EDWTest""""","DatabaseName"""":""""Foundation""""","SchemaName"""":""""dbo""""","TableName"""":""""Region""""}}]""	""[{""""FileSink"""":{""""FileRoot"""":""""dls\\Raw\\EDWFoundation""""","FilePath"""":""""Region\\YYYY\\MM\\DD\\""""","FileName"""":""""Region_*.parquet""""}}]""	""[{""""ColumnName"""":""""Region_Cd""""","DataType"""":""""varchar(16)""""","Nullability"""":""""not null""""","IsPrimaryKey"""":""""Yes""""}","{""""ColumnName"""":""""Region_Name""""","DataType"""":""""varchar(64)""""","Nullability"""":""""not null""""","IsPrimaryKey"""":""""No""""}","{""""ColumnName"""":""""Load_Ts""""","DataType"""":""""datetime2(7)""""","Nullability"""":""""not null""""","IsPrimaryKey"""":""""No""""}","{""""ColumnName"""":""""Ses_Load_ID""""","DataType"""":""""bigint""""","Nullability"""":""""not null""""","IsPrimaryKey"""":""""No""""}","{""""ColumnName"""":""""Delta_Val""""","DataType"""":""""varchar(32)""""","Nullability"""":""""not null""""","IsPrimaryKey"""":""""No""""}]""	""[{""""No delta detect mechanism at source"""":""""""""}]""	NULL	NULL	0	NULL	NULL	NULL	2	Daily	NULL	Full	Source	1	0	Loading data from source to azure data lake storage	56:43.1	NULL	NULL	NULL	NULL	0",,,,,,,,,,,,,,,,,,,,,,,,,,,,,,,,,,,,,,,,,,,,,,,,,,,,,,,,,,,,,,,,,,,,,,,,,,,,,,,,,,,,,,,,,,,,,,,,,,,,,,,,,,,,,,,,,,,,,,,,,,,,,,,,,,,,,,,,,,,,,,,,,,,,,,,
"18	EDWFoundation	""[{""""SQLSource"""":{""""ServerName"""":""""EDWTest""""","DatabaseName"""":""""Foundation""""","SchemaName"""":""""dbo""""","TableName"""":""""Protocol_Type""""}}]""	""[{""""FileSink"""":{""""FileRoot"""":""""dls\\Raw\\EDWFoundation""""","FilePath"""":""""Protocol_Type\\YYYY\\MM\\DD\\""""","FileName"""":""""Protocol_Type_*.parquet""""}}]""	""[{""""ColumnName"""":""""Protocol_Type_Cd""""","DataType"""":""""varchar(16)""""","Nullability"""":""""not null""""","IsPrimaryKey"""":""""Yes""""}","{""""ColumnName"""":""""Protocol_Type_Desc""""","DataType"""":""""varchar(64)""""","Nullability"""":""""not null""""","IsPrimaryKey"""":""""No""""}","{""""ColumnName"""":""""Load_Ts""""","DataType"""":""""datetime2(7)""""","Nullability"""":""""not null""""","IsPrimaryKey"""":""""No""""}","{""""ColumnName"""":""""Ses_Load_ID""""","DataType"""":""""bigint""""","Nullability"""":""""not null""""","IsPrimaryKey"""":""""No""""}","{""""ColumnName"""":""""Delta_Val""""","DataType"""":""""varchar(32)""""","Nullability"""":""""not null""""","IsPrimaryKey"""":""""No""""}]""	""[{""""No delta detect mechanism at source"""":""""""""}]""	NULL	NULL	0	NULL	NULL	NULL	2	Daily	NULL	Full	Source	1	0	Loading data from source to azure data lake storage	57:02.0	NULL	NULL	NULL	NULL	0",,,,,,,,,,,,,,,,,,,,,,,,,,,,,,,,,,,,,,,,,,,,,,,,,,,,,,,,,,,,,,,,,,,,,,,,,,,,,,,,,,,,,,,,,,,,,,,,,,,,,,,,,,,,,,,,,,,,,,,,,,,,,,,,,,,,,,,,,,,,,,,,,,,,,,,
"19	EDWFoundation	""[{""""SQLSource"""":{""""ServerName"""":""""EDWTest""""","DatabaseName"""":""""Foundation""""","SchemaName"""":""""dbo""""","TableName"""":""""Model_Type""""}}]""	""[{""""FileSink"""":{""""FileRoot"""":""""dls\\Raw\\EDWFoundation""""","FilePath"""":""""Model_Type\\YYYY\\MM\\DD\\""""","FileName"""":""""Model_Type_*.parquet""""}}]""	""[{""""ColumnName"""":""""Mfr_Cd""""","DataType"""":""""varchar(16)""""","Nullability"""":""""not null""""","IsPrimaryKey"""":""""Yes""""}","{""""ColumnName"""":""""Model_Type_Cd""""","DataType"""":""""varchar(16)""""","Nullability"""":""""not null""""","IsPrimaryKey"""":""""Yes""""}","{""""ColumnName"""":""""Model_Type_Desc""""","DataType"""":""""varchar(64)""""","Nullability"""":""""not null""""","IsPrimaryKey"""":""""No""""}","{""""ColumnName"""":""""Load_Ts""""","DataType"""":""""datetime2(7)""""","Nullability"""":""""not null""""","IsPrimaryKey"""":""""No""""}","{""""ColumnName"""":""""Ses_Load_ID""""","DataType"""":""""bigint""""","Nullability"""":""""not null""""","IsPrimaryKey"""":""""No""""}","{""""ColumnName"""":""""Delta_Val""""","DataType"""":""""varchar(32)""""","Nullability"""":""""not null""""","IsPrimaryKey"""":""""No""""}]""	""[{""""No delta detect mechanism at source"""":""""""""}]""	NULL	NULL	0	NULL	NULL	NULL	2	Daily	NULL	Full	Source	1	0	Loading data from source to azure data lake storage	55:55.3	NULL	NULL	NULL	NULL	0",,,,,,,,,,,,,,,,,,,,,,,,,,,,,,,,,,,,,,,,,,,,,,,,,,,,,,,,,,,,,,,,,,,,,,,,,,,,,,,,,,,,,,,,,,,,,,,,,,,,,,,,,,,,,,,,,,,,,,,,,,,,,,,,,,,,,,,,,,,,,,,,,,,
"20	EDWFoundation	""[{""""SQLSource"""":{""""ServerName"""":""""EDWTest""""","DatabaseName"""":""""Foundation""""","SchemaName"""":""""dbo""""","TableName"""":""""Stock_Status""""}}]""	""[{""""FileSink"""":{""""FileRoot"""":""""dls\\Raw\\EDWFoundation""""","FilePath"""":""""Stock_Status\\YYYY\\MM\\DD\\""""","FileName"""":""""Stock_Status_*.parquet""""}}]""	""[{""""ColumnName"""":""""Stock_Status_Cd""""","DataType"""":""""varchar(16)""""","Nullability"""":""""not null""""","IsPrimaryKey"""":""""Yes""""}","{""""ColumnName"""":""""Stock_Status_Desc""""","DataType"""":""""varchar(64)""""","Nullability"""":""""not null""""","IsPrimaryKey"""":""""No""""}","{""""ColumnName"""":""""Load_Ts""""","DataType"""":""""datetime2(7)""""","Nullability"""":""""not null""""","IsPrimaryKey"""":""""No""""}","{""""ColumnName"""":""""Ses_Load_ID""""","DataType"""":""""bigint""""","Nullability"""":""""not null""""","IsPrimaryKey"""":""""No""""}","{""""ColumnName"""":""""Delta_Val""""","DataType"""":""""varchar(32)""""","Nullability"""":""""not null""""","IsPrimaryKey"""":""""No""""}]""	""[{""""No delta detect mechanism at source"""":""""""""}]""	NULL	NULL	0	NULL	NULL	NULL	2	Daily	NULL	Full	Source	1	0	Loading data from source to azure data lake storage	57:23.7	NULL	NULL	NULL	NULL	0",,,,,,,,,,,,,,,,,,,,,,,,,,,,,,,,,,,,,,,,,,,,,,,,,,,,,,,,,,,,,,,,,,,,,,,,,,,,,,,,,,,,,,,,,,,,,,,,,,,,,,,,,,,,,,,,,,,,,,,,,,,,,,,,,,,,,,,,,,,,,,,,,,,,,,,
"21	EDWFoundation	""[{""""SQLSource"""":{""""ServerName"""":""""EDWTest""""","DatabaseName"""":""""Foundation""""","SchemaName"""":""""dbo""""","TableName"""":""""Fcplt_Volt_Type""""}}]""	""[{""""FileSink"""":{""""FileRoot"""":""""dls\\Raw\\EDWFoundation""""","FilePath"""":""""Fcplt_Volt_Type\\YYYY\\MM\\DD\\""""","FileName"""":""""Fcplt_Volt_Type_*.parquet""""}}]""	""[{""""ColumnName"""":""""Fcplt_Volt_Type_Cd""""","DataType"""":""""varchar(16)""""","Nullability"""":""""not null""""","IsPrimaryKey"""":""""Yes""""}","{""""ColumnName"""":""""Fcplt_Volt_Type_Desc""""","DataType"""":""""varchar(64)""""","Nullability"""":""""not null""""","IsPrimaryKey"""":""""No""""}","{""""ColumnName"""":""""Load_Ts""""","DataType"""":""""datetime2(7)""""","Nullability"""":""""not null""""","IsPrimaryKey"""":""""No""""}","{""""ColumnName"""":""""Ses_Load_ID""""","DataType"""":""""bigint""""","Nullability"""":""""not null""""","IsPrimaryKey"""":""""No""""}","{""""ColumnName"""":""""Delta_Val""""","DataType"""":""""varchar(32)""""","Nullability"""":""""not null""""","IsPrimaryKey"""":""""No""""}]""	""[{""""No delta detect mechanism at source"""":""""""""}]""	NULL	NULL	0	NULL	NULL	NULL	2	Daily	NULL	Full	Source	1	0	Loading data from source to azure data lake storage	55:24.6	NULL	NULL	NULL	NULL	0",,,,,,,,,,,,,,,,,,,,,,,,,,,,,,,,,,,,,,,,,,,,,,,,,,,,,,,,,,,,,,,,,,,,,,,,,,,,,,,,,,,,,,,,,,,,,,,,,,,,,,,,,,,,,,,,,,,,,,,,,,,,,,,,,,,,,,,,,,,,,,,,,,,,,,,
"22	EDWFoundation	""[{""""SQLSource"""":{""""ServerName"""":""""EDWTest""""","DatabaseName"""":""""Foundation""""","SchemaName"""":""""dbo""""","TableName"""":""""CT_Volt_Type""""}}]""	""[{""""FileSink"""":{""""FileRoot"""":""""dls\\Raw\\EDWFoundation""""","FilePath"""":""""CT_Volt_Type\\YYYY\\MM\\DD\\""""","FileName"""":""""CT_Volt_Type_*.parquet""""}}]""	""[{""""ColumnName"""":""""CT_Volt_Type_Cd""""","DataType"""":""""varchar(16)""""","Nullability"""":""""not null""""","IsPrimaryKey"""":""""Yes""""}","{""""ColumnName"""":""""CT_Volt_Type_Desc""""","DataType"""":""""varchar(64)""""","Nullability"""":""""not null""""","IsPrimaryKey"""":""""No""""}","{""""ColumnName"""":""""Load_Ts""""","DataType"""":""""datetime2(7)""""","Nullability"""":""""not null""""","IsPrimaryKey"""":""""No""""}","{""""ColumnName"""":""""Ses_Load_ID""""","DataType"""":""""bigint""""","Nullability"""":""""not null""""","IsPrimaryKey"""":""""No""""}","{""""ColumnName"""":""""Delta_Val""""","DataType"""":""""varchar(32)""""","Nullability"""":""""not null""""","IsPrimaryKey"""":""""No""""}]""	""[{""""No delta detect mechanism at source"""":""""""""}]""	NULL	NULL	0	NULL	NULL	NULL	2	Daily	NULL	Full	Source	1	0	Loading data from source to azure data lake storage	54:28.6	NULL	NULL	NULL	NULL	0",,,,,,,,,,,,,,,,,,,,,,,,,,,,,,,,,,,,,,,,,,,,,,,,,,,,,,,,,,,,,,,,,,,,,,,,,,,,,,,,,,,,,,,,,,,,,,,,,,,,,,,,,,,,,,,,,,,,,,,,,,,,,,,,,,,,,,,,,,,,,,,,,,,,,,,
"23	EDWFoundation	""[{""""SQLSource"""":{""""ServerName"""":""""EDWTest""""","DatabaseName"""":""""Foundation""""","SchemaName"""":""""dbo""""","TableName"""":""""Dual_Net_Meters""""}}]""	""[{""""FileSink"""":{""""FileRoot"""":""""dls\\Raw\\EDWFoundation""""","FilePath"""":""""Dual_Net_Meters\\YYYY\\MM\\DD\\""""","FileName"""":""""Dual_Net_Meters_*.parquet""""}}]""	""[{""""ColumnName"""":""""Rate_Cat_Cd""""","DataType"""":""""varchar(16)""""","Nullability"""":""""null""""","IsPrimaryKey"""":""""No""""}","{""""ColumnName"""":""""Installn_Src_ID""""","DataType"""":""""bigint""""","Nullability"""":""""not null""""","IsPrimaryKey"""":""""No""""}","{""""ColumnName"""":""""Installn_DW_ID""""","DataType"""":""""bigint""""","Nullability"""":""""null""""","IsPrimaryKey"""":""""No""""}","{""""ColumnName"""":""""Device_Loc_DW_ID""""","DataType"""":""""bigint""""","Nullability"""":""""not null""""","IsPrimaryKey"""":""""Yes""""}","{""""ColumnName"""":""""Device_Loc_Src_ID""""","DataType"""":""""bigint""""","Nullability"""":""""not null""""","IsPrimaryKey"""":""""No""""}","{""""ColumnName"""":""""Register_Grp_Type_Cd""""","DataType"""":""""varchar(16)""""","Nullability"""":""""null""""","IsPrimaryKey"""":""""No""""}","{""""ColumnName"""":""""Equip_DW_ID""""","DataType"""":""""bigint""""","Nullability"""":""""not null""""","IsPrimaryKey"""":""""No""""}","{""""ColumnName"""":""""Serial_Nbr""""","DataType"""":""""varchar(32)""""","Nullability"""":""""not null""""","IsPrimaryKey"""":""""No""""}","{""""ColumnName"""":""""Mtr_Dir_Type_Cd""""","DataType"""":""""varchar(16)""""","Nullability"""":""""null""""","IsPrimaryKey"""":""""No""""}","{""""ColumnName"""":""""Mtr_Loc_Detail_Txt""""","DataType"""":""""varchar(512)""""","Nullability"""":""""null""""","IsPrimaryKey"""":""""No""""}","{""""ColumnName"""":""""Device_Loc_2_DW_ID""""","DataType"""":""""bigint""""","Nullability"""":""""null""""","IsPrimaryKey"""":""""No""""}","{""""ColumnName"""":""""Device_Loc_2_Src_Id""""","DataType"""":""""bigint""""","Nullability"""":""""not null""""","IsPrimaryKey"""":""""No""""}","{""""ColumnName"""":""""Register_Grp_2_Type_Cd""""","DataType"""":""""varchar(16)""""","Nullability"""":""""null""""","IsPrimaryKey"""":""""No""""}","{""""ColumnName"""":""""Equip_2_DW_ID""""","DataType"""":""""bigint""""","Nullability"""":""""not null""""","IsPrimaryKey"""":""""No""""}","{""""ColumnName"""":""""Serial_2_Nbr""""","DataType"""":""""varchar(32)""""","Nullability"""":""""not null""""","IsPrimaryKey"""":""""No""""}","{""""ColumnName"""":""""Mtr_Dir_2_Type_Cd""""","DataType"""":""""varchar(16)""""","Nullability"""":""""null""""","IsPrimaryKey"""":""""No""""}","{""""ColumnName"""":""""Mtr_Loc_2_Detail_Txt""""","DataType"""":""""varchar(512)""""","Nullability"""":""""null""""","IsPrimaryKey"""":""""No""""}]""	""[{""""No delta detect mechanism at source"""":""""""""}]""	NULL	NULL	0	NULL	NULL	NULL	2	Daily	NULL	Full	Source	1	0	Loading data from source to azure data lake storage	53:33.1	NULL	NULL	NULL	NULL	0",,,,,,,,,,,,,,,,,,,,,,,,,,,,,,,,,,,,,,,,,,,,,,,,,,,,,,,,,,,,,,,,,,,,,,,,,,,,,,,,,,,,,,,,,,,,,,,,,,,,,,,
"104	EDWFoundation	""[{""""FileSource"""":{""""FileRoot"""":""""dls\\Raw\\EDWFoundation""""","FilePath"""":""""Mtr_Loc\\YYYY\\MM\\DD\\""""","FileName"""":""""Mtr_Loc_*.parquet""""}}]""	""[{""""SQLSink"""":{""""ServerName"""":""""syn-ipcdev-dataservices-dev.sql.azuresynapse.net""""","DatabaseName"""":""""sqldwdataservices""""","SinkSchema"""":""""EDWFoundation""""","SinkTable"""":""""Mtr_Loc""""}}]""	NULL	""[{""""No delta detect mechanism at source"""":""""""""}]""	NULL	NULL	0	EDWFoundation.usp_Load_Mtr_Loc	NULL	20000	2	Daily	NULL	Full	Stage	3	1	Loading data from azure data lake storage to staging tables	11:17.9	NULL	NULL	NULL	1	0",,,,,,,,,,,,,,,,,,,,,,,,,,,,,,,,,,,,,,,,,,,,,,,,,,,,,,,,,,,,,,,,,,,,,,,,,,,,,,,,,,,,,,,,,,,,,,,,,,,,,,,,,,,,,,,,,,,,,,,,,,,,,,,,,,,,,,,,,,,,,,,,,,,,,,,,,,,,,,,,,,,,,,,,,,
"105	EDWFoundation	""[{""""FileSource"""":{""""FileRoot"""":""""dls\\Raw\\EDWFoundation""""","FilePath"""":""""Model_Type\\YYYY\\MM\\DD\\""""","FileName"""":""""Model_Type_*.parquet""""}}]""	""[{""""SQLSink"""":{""""ServerName"""":""""syn-ipcdev-dataservices-dev.sql.azuresynapse.net""""","DatabaseName"""":""""sqldwdataservices""""","SinkSchema"""":""""EDWFoundation""""","SinkTable"""":""""Model_Type""""}}]""	NULL	""[{""""No delta detect mechanism at source"""":""""""""}]""	NULL	NULL	0	EDWFoundation.usp_Load_Model_Type	NULL	20000	2	Daily	NULL	Full	Stage	3	1	Loading data from azure data lake storage to staging tables	11:31.7	NULL	NULL	NULL	19	0",,,,,,,,,,,,,,,,,,,,,,,,,,,,,,,,,,,,,,,,,,,,,,,,,,,,,,,,,,,,,,,,,,,,,,,,,,,,,,,,,,,,,,,,,,,,,,,,,,,,,,,,,,,,,,,,,,,,,,,,,,,,,,,,,,,,,,,,,,,,,,,,,,,,,,,,,,,,,,,,,,,,,,,,,,
"10859	Esri Api	""[{""""FileSource"""":{""""FileRoot"""":""""dls\\Raw\\Esri Api""""","FilePath"""":""""Facility Charge Info\\Facility Charge Info""""","FileName"""":""""""""}}]""	""[{""""SQLSink"""":{""""ServerName"""":""""sql-ipcdev-dataservices-dev.database.windows.net""""","DatabaseName"""":""""sqldbdataservicesgis""""","SinkSchema"""":""""stagingEsri Api""""","SinkTable"""":""""Facility Charge Info""""}}]""	NULL	""[{""""QueryPredicate"""":""""LAST_EDITED_DATE""""","QueryPredicateType"""":""""Timestamp""""}]""	Predicate	NULL	MAX(LAST_EDITED_DATE)	stagingEsri Api.usp_Load_Facility Charge Info	NULL	20000	2	Daily	NULL	Incremental	Stage	3	1	Loading data from azure data lake storage to staging tables	37:52.7	NULL	NULL	NULL	10062	NULL",,,,,,,,,,,,,,,,,,,,,,,,,,,,,,,,,,,,,,,,,,,,,,,,,,,,,,,,,,,,,,,,,,,,,,,,,,,,,,,,,,,,,,,,,,,,,,,,,,,,,,,,,,,,,,,,,,,,,,,,,,,,,,,,,,,,,,,,,,,,,,,,,,,,,,,,,,,,,,,,,,,,,,,,,
"10863	Esri Api	""[{""""FileSource"""":{""""FileRoot"""":""""dls\\Raw\\Esri Api""""","FilePath"""":""""Electric Assembly\\Electric Assembly""""","FileName"""":""""""""}}]""	""[{""""SQLSink"""":{""""ServerName"""":""""sql-ipcdev-dataservices-dev.database.windows.net""""","DatabaseName"""":""""sqldbdataservicesgis""""","SinkSchema"""":""""stagingEsri Api""""","SinkTable"""":""""Electric Assembly""""}}]""	NULL	""[{""""QueryPredicate"""":""""LAST_EDITED_DATE""""","QueryPredicateType"""":""""Timestamp""""}]""	Predicate	NULL	MAX(LAST_EDITED_DATE)	stagingEsri Api.usp_Load_Electric Assembly	NULL	20000	2	Daily	NULL	Incremental	Stage	3	1	Loading data from azure data lake storage to staging tables	37:52.8	NULL	NULL	NULL	10076	NULL",,,,,,,,,,,,,,,,,,,,,,,,,,,,,,,,,,,,,,,,,,,,,,,,,,,,,,,,,,,,,,,,,,,,,,,,,,,,,,,,,,,,,,,,,,,,,,,,,,,,,,,,,,,,,,,,,,,,,,,,,,,,,,,,,,,,,,,,,,,,,,,,,,,,,,,,,,,,,,,,,,,,,,,,,
"10864	Esri Api	""[{""""FileSource"""":{""""FileRoot"""":""""dls\\Raw\\Esri Api""""","FilePath"""":""""Electric Line\\Electric Line""""","FileName"""":""""""""}}]""	""[{""""SQLSink"""":{""""ServerName"""":""""sql-ipcdev-dataservices-dev.database.windows.net""""","DatabaseName"""":""""sqldbdataservicesgis""""","SinkSchema"""":""""stagingEsri Api""""","SinkTable"""":""""Electric Line""""}}]""	NULL	""[{""""QueryPredicate"""":""""LAST_EDITED_DATE""""","QueryPredicateType"""":""""Timestamp""""}]""	Predicate	NULL	MAX(LAST_EDITED_DATE)	stagingEsri Api.usp_Load_Electric Line	NULL	20000	2	Daily	NULL	Incremental	Stage	3	1	Loading data from azure data lake storage to staging tables	37:55.3	NULL	NULL	NULL	10064	NULL",,,,,,,,,,,,,,,,,,,,,,,,,,,,,,,,,,,,,,,,,,,,,,,,,,,,,,,,,,,,,,,,,,,,,,,,,,,,,,,,,,,,,,,,,,,,,,,,,,,,,,,,,,,,,,,,,,,,,,,,,,,,,,,,,,,,,,,,,,,,,,,,,,,,,,,,,,,,,,,,,,,,,,,,,
"10865	Esri Api	""[{""""FileSource"""":{""""FileRoot"""":""""dls\\Raw\\Esri Api""""","FilePath"""":""""Dirty Areas\\Dirty Areas""""","FileName"""":""""""""}}]""	""[{""""SQLSink"""":{""""ServerName"""":""""sql-ipcdev-dataservices-dev.database.windows.net""""","DatabaseName"""":""""sqldbdataservicesgis""""","SinkSchema"""":""""stagingEsri Api""""","SinkTable"""":""""Dirty Areas""""}}]""	NULL	""[{""""QueryPredicate"""":""""LAST_EDITED_DATE""""","QueryPredicateType"""":""""Timestamp""""}]""	Predicate	NULL	MAX(LAST_EDITED_DATE)	stagingEsri Api.usp_Load_Dirty Areas	NULL	20000	2	Daily	NULL	Incremental	Stage	3	1	Loading data from azure data lake storage to staging tables	37:55.7	NULL	NULL	NULL	10068	NULL",,,,,,,,,,,,,,,,,,,,,,,,,,,,,,,,,,,,,,,,,,,,,,,,,,,,,,,,,,,,,,,,,,,,,,,,,,,,,,,,,,,,,,,,,,,,,,,,,,,,,,,,,,,,,,,,,,,,,,,,,,,,,,,,,,,,,,,,,,,,,,,,,,,,,,,,,,,,,,,,,,,,,,,,,
"10870	Esri Api	""[{""""FileSource"""":{""""FileRoot"""":""""dls\\Raw\\Esri Api""""","FilePath"""":""""NonUnit_ChangeOuts\\NonUnit_ChangeOuts""""","FileName"""":""""""""}}]""	""[{""""SQLSink"""":{""""ServerName"""":""""sql-ipcdev-dataservices-dev.database.windows.net""""","DatabaseName"""":""""sqldbdataservicesgis""""","SinkSchema"""":""""stagingEsri Api""""","SinkTable"""":""""NonUnit_ChangeOuts""""}}]""	NULL	""[{""""QueryPredicate"""":""""LAST_EDITED_DATE""""","QueryPredicateType"""":""""Timestamp""""}]""	Predicate	NULL	MAX(LAST_EDITED_DATE)	stagingEsri Api.usp_Load_NonUnit_ChangeOuts	NULL	20000	2	Daily	NULL	Incremental	Stage	3	1	Loading data from azure data lake storage to staging tables	38:16.5	NULL	NULL	NULL	10080	NULL",,,,,,,,,,,,,,,,,,,,,,,,,,,,,,,,,,,,,,,,,,,,,,,,,,,,,,,,,,,,,,,,,,,,,,,,,,,,,,,,,,,,,,,,,,,,,,,,,,,,,,,,,,,,,,,,,,,,,,,,,,,,,,,,,,,,,,,,,,,,,,,,,,,,,,,,,,,,,,,,,,,,,,,,,
"10918	ARCFM	""[{""""SQLSource"""":{""""ServerName"""":""""sql-ipcdev-dataservices-dev.database.windows.net""""","DatabaseName"""":""""sqldbdataservicesgis""""","SchemaName"""":""""ARCFM""""","TableName"""":""""WHP_WILDFIRE_HAZARD_TIERS""""}}]""	""[{""""SQLSink"""":{""""ServerName"""":""""sql-ipcdev-dataservices-dev.database.windows.net""""","DatabaseName"""":""""sqldbdataservicesgis""""","SinkSchema"""":""""ARCFM""""","SinkTable"""":""""WHP_WILDFIRE_HAZARD_TIERS""""}}]""	NULL	""[{""""No delta detect mechanism at source"""":""""""""}]""	NULL	NULL	0	ARCFM.usp_Load_WHP_WILDFIRE_HAZARD_TIERS	NULL	20000	2	Daily	NULL	Full	Stage2	1	1	NULL	49:42.8	NULL	NULL	NULL	NULL	NULL",,,,,,,,,,,,,,,,,,,,,,,,,,,,,,,,,,,,,,,,,,,,,,,,,,,,,,,,,,,,,,,,,,,,,,,,,,,,,,,,,,,,,,,,,,,,,,,,,,,,,,,,,,,,,,,,,,,,,,,,,,,,,,,,,,,,,,,,,,,,,,,,,,,,,,,,,,,,,,,,,,,,,,,,,
"10881	Multi	""[{""""SQLSource"""":{""""ServerName"""":""""syn-ipcdev-dataservices-dev.sql.azuresynapse.net""""","DatabaseName"""":""""sqldwdataservices""""","SchemaName"""":""""Stage""""","TableName"""":""""Stage.vwSrcDimVegetationRegion""""}}]""	""[{""""SQLSink"""":{""""ServerName"""":""""syn-ipcdev-dataservices-dev.sql.azuresynapse.net""""","DatabaseName"""":""""sqldwdataservices""""","SinkSchema"""":""""EDW""""","SinkTable"""":""""DimVegetationRegion""""}}]""	NULL	""[{""""No delta detect mechanism at source"""":""""""""}]""	NULL	NULL	0	EDW.usp_load_DimVegetationRegion	NULL	20000	2	Daily	NULL	Full	Dimension	1	1	Transformaing and Loading data from staging tables to Dimesnion tables	18:43.9	NULL	NULL	NULL	NULL	NULL",,,,,,,,,,,,,,,,,,,,,,,,,,,,,,,,,,,,,,,,,,,,,,,,,,,,,,,,,,,,,,,,,,,,,,,,,,,,,,,,,,,,,,,,,,,,,,,,,,,,,,,,,,,,,,,,,,,,,,,,,,,,,,,,,,,,,,,,,,,,,,,,,,,,,,,,,,,,,,,,,,,,,,,,,
"10883	Multi	""[{""""SQLSource"""":{""""ServerName"""":""""syn-ipcdev-dataservices-dev.sql.azuresynapse.net""""","DatabaseName"""":""""sqldwdataservices""""","SchemaName"""":""""Stage""""","TableName"""":""""Stage.vwSrcDimVegetationLocation""""}}]""	""[{""""SQLSink"""":{""""ServerName"""":""""syn-ipcdev-dataservices-dev.sql.azuresynapse.net""""","DatabaseName"""":""""sqldwdataservices""""","SinkSchema"""":""""EDW""""","SinkTable"""":""""DimVegetationLocation""""}}]""	NULL	""[{""""QueryPredicate"""":""""ETLModifiedDate""""","QueryPredicateType"""":""""Date""""}]""	Predicate	NULL	MAX(ETLModifiedDate)	EDW.usp_load_DimVegetationLocation	NULL	20000	2	Daily	NULL	Incremental	Dimension	1	1	Transformaing and Loading data from staging tables to Dimesnion tables	18:43.9	NULL	NULL	NULL	NULL	NULL",,,,,,,,,,,,,,,,,,,,,,,,,,,,,,,,,,,,,,,,,,,,,,,,,,,,,,,,,,,,,,,,,,,,,,,,,,,,,,,,,,,,,,,,,,,,,,,,,,,,,,,,,,,,,,,,,,,,,,,,,,,,,,,,,,,,,,,,,,,,,,,,,,,,,,,,,,,,,,,,,,,,,,,,
"10855	Esri Api	""[{""""FileSource"""":{""""FileRoot"""":""""dls\\Raw\\Esri Api""""","FilePath"""":""""Customer Info\\Customer Info""""","FileName"""":""""""""}}]""	""[{""""SQLSink"""":{""""ServerName"""":""""sql-ipcdev-dataservices-dev.database.windows.net""""","DatabaseName"""":""""sqldbdataservicesgis""""","SinkSchema"""":""""stagingEsri Api""""","SinkTable"""":""""Customer Info""""}}]""	NULL	""[{""""QueryPredicate"""":""""LAST_EDITED_DATE""""","QueryPredicateType"""":""""Timestamp""""}]""	Predicate	NULL	MAX(LAST_EDITED_DATE)	stagingEsri Api.usp_Load_Customer Info	NULL	20000	2	Daily	NULL	Incremental	Stage	3	1	Loading data from azure data lake storage to staging tables	37:52.2	NULL	NULL	NULL	10060	NULL",,,,,,,,,,,,,,,,,,,,,,,,,,,,,,,,,,,,,,,,,,,,,,,,,,,,,,,,,,,,,,,,,,,,,,,,,,,,,,,,,,,,,,,,,,,,,,,,,,,,,,,,,,,,,,,,,,,,,,,,,,,,,,,,,,,,,,,,,,,,,,,,,,,,,,,,,,,,,,,,,,,,,,,,,
"10857	Esri Api	""[{""""FileSource"""":{""""FileRoot"""":""""dls\\Raw\\Esri Api""""","FilePath"""":""""Structure Line\\Structure Line""""","FileName"""":""""""""}}]""	""[{""""SQLSink"""":{""""ServerName"""":""""sql-ipcdev-dataservices-dev.database.windows.net""""","DatabaseName"""":""""sqldbdataservicesgis""""","SinkSchema"""":""""stagingEsri Api""""","SinkTable"""":""""Structure Line""""}}]""	NULL	""[{""""QueryPredicate"""":""""LAST_EDITED_DATE""""","QueryPredicateType"""":""""Timestamp""""}]""	Predicate	NULL	MAX(LAST_EDITED_DATE)	stagingEsri Api.usp_Load_Structure Line	NULL	20000	2	Daily	NULL	Incremental	Stage	3	1	Loading data from azure data lake storage to staging tables	37:52.5	NULL	NULL	NULL	10073	NULL",,,,,,,,,,,,,,,,,,,,,,,,,,,,,,,,,,,,,,,,,,,,,,,,,,,,,,,,,,,,,,,,,,,,,,,,,,,,,,,,,,,,,,,,,,,,,,,,,,,,,,,,,,,,,,,,,,,,,,,,,,,,,,,,,,,,,,,,,,,,,,,,,,,,,,,,,,,,,,,,,,,,,,,,,
"10860	Esri Api	""[{""""FileSource"""":{""""FileRoot"""":""""dls\\Raw\\Esri Api""""","FilePath"""":""""Electric Device\\Electric Device""""","FileName"""":""""""""}}]""	""[{""""SQLSink"""":{""""ServerName"""":""""sql-ipcdev-dataservices-dev.database.windows.net""""","DatabaseName"""":""""sqldbdataservicesgis""""","SinkSchema"""":""""stagingEsri Api""""","SinkTable"""":""""Electric Device""""}}]""	NULL	""[{""""QueryPredicate"""":""""LAST_EDITED_DATE""""","QueryPredicateType"""":""""Timestamp""""}]""	Predicate	NULL	MAX(LAST_EDITED_DATE)	stagingEsri Api.usp_Load_Electric Device	NULL	20000	2	Daily	NULL	Incremental	Stage	3	1	Loading data from azure data lake storage to staging tables	37:52.7	NULL	NULL	NULL	10061	NULL",,,,,,,,,,,,,,,,,,,,,,,,,,,,,,,,,,,,,,,,,,,,,,,,,,,,,,,,,,,,,,,,,,,,,,,,,,,,,,,,,,,,,,,,,,,,,,,,,,,,,,,,,,,,,,,,,,,,,,,,,,,,,,,,,,,,,,,,,,,,,,,,,,,,,,,,,,,,,,,,,,,,,,,,,
"10866	Esri Api	""[{""""FileSource"""":{""""FileRoot"""":""""dls\\Raw\\Esri Api""""","FilePath"""":""""Structure Junction\\Structure Junction""""","FileName"""":""""""""}}]""	""[{""""SQLSink"""":{""""ServerName"""":""""sql-ipcdev-dataservices-dev.database.windows.net""""","DatabaseName"""":""""sqldbdataservicesgis""""","SinkSchema"""":""""stagingEsri Api""""","SinkTable"""":""""Structure Junction""""}}]""	NULL	""[{""""QueryPredicate"""":""""LAST_EDITED_DATE""""","QueryPredicateType"""":""""Timestamp""""}]""	Predicate	NULL	MAX(LAST_EDITED_DATE)	stagingEsri Api.usp_Load_Structure Junction	NULL	20000	2	Daily	NULL	Incremental	Stage	3	1	Loading data from azure data lake storage to staging tables	37:56.3	NULL	NULL	NULL	10077	NULL",,,,,,,,,,,,,,,,,,,,,,,,,,,,,,,,,,,,,,,,,,,,,,,,,,,,,,,,,,,,,,,,,,,,,,,,,,,,,,,,,,,,,,,,,,,,,,,,,,,,,,,,,,,,,,,,,,,,,,,,,,,,,,,,,,,,,,,,,,,,,,,,,,,,,,,,,,,,,,,,,,,,,,,,,
"10868	Esri Api	""[{""""FileSource"""":{""""FileRoot"""":""""dls\\Raw\\Esri Api""""","FilePath"""":""""Material_Specifications\\Material_Specifications""""","FileName"""":""""""""}}]""	""[{""""SQLSink"""":{""""ServerName"""":""""sql-ipcdev-dataservices-dev.database.windows.net""""","DatabaseName"""":""""sqldbdataservicesgis""""","SinkSchema"""":""""stagingEsri Api""""","SinkTable"""":""""Material_Specifications""""}}]""	NULL	""[{""""QueryPredicate"""":""""LAST_EDITED_DATE""""","QueryPredicateType"""":""""Timestamp""""}]""	Predicate	NULL	MAX(LAST_EDITED_DATE)	stagingEsri Api.usp_Load_Material_Specifications	NULL	20000	2	Daily	NULL	Incremental	Stage	3	1	Loading data from azure data lake storage to staging tables	38:16.3	NULL	NULL	NULL	10079	NULL",,,,,,,,,,,,,,,,,,,,,,,,,,,,,,,,,,,,,,,,,,,,,,,,,,,,,,,,,,,,,,,,,,,,,,,,,,,,,,,,,,,,,,,,,,,,,,,,,,,,,,,,,,,,,,,,,,,,,,,,,,,,,,,,,,,,,,,,,,,,,,,,,,,,,,,,,,,,,,,,,,,,,,,,,
"10871	Esri Api	""[{""""FileSource"""":{""""FileRoot"""":""""dls\\Raw\\Esri Api""""","FilePath"""":""""Reference Data\\Reference Data""""","FileName"""":""""""""}}]""	""[{""""SQLSink"""":{""""ServerName"""":""""sql-ipcdev-dataservices-dev.database.windows.net""""","DatabaseName"""":""""sqldbdataservicesgis""""","SinkSchema"""":""""stagingEsri Api""""","SinkTable"""":""""Reference Data""""}}]""	NULL	""[{""""QueryPredicate"""":""""LAST_EDITED_DATE""""","QueryPredicateType"""":""""Timestamp""""}]""	Predicate	NULL	MAX(LAST_EDITED_DATE)	stagingEsri Api.usp_Load_Reference Data	NULL	20000	2	Daily	NULL	Incremental	Stage	3	1	Loading data from azure data lake storage to staging tables	38:16.5	NULL	NULL	NULL	10218	NULL",,,,,,,,,,,,,,,,,,,,,,,,,,,,,,,,,,,,,,,,,,,,,,,,,,,,,,,,,,,,,,,,,,,,,,,,,,,,,,,,,,,,,,,,,,,,,,,,,,,,,,,,,,,,,,,,,,,,,,,,,,,,,,,,,,,,,,,,,,,,,,,,,,,,,,,,,,,,,,,,,,,,,,,,,
"10882	Multi	""[{""""SQLSource"""":{""""ServerName"""":""""syn-ipcdev-dataservices-dev.sql.azuresynapse.net""""","DatabaseName"""":""""sqldwdataservices""""","SchemaName"""":""""Stage""""","TableName"""":""""Stage.vwSrcDimVegetationActivityType""""}}]""	""[{""""SQLSink"""":{""""ServerName"""":""""syn-ipcdev-dataservices-dev.sql.azuresynapse.net""""","DatabaseName"""":""""sqldwdataservices""""","SinkSchema"""":""""EDW""""","SinkTable"""":""""DimVegetationActivityType""""}}]""	NULL	""[{""""No delta detect mechanism at source"""":""""""""}]""	NULL	NULL	0	EDW.usp_load_DimVegetationActivityType	NULL	20000	2	Daily	NULL	Full	Dimension	1	1	Transformaing and Loading data from staging tables to Dimesnion tables	18:44.1	NULL	NULL	NULL	NULL	NULL",,,,,,,,,,,,,,,,,,,,,,,,,,,,,,,,,,,,,,,,,,,,,,,,,,,,,,,,,,,,,,,,,,,,,,,,,,,,,,,,,,,,,,,,,,,,,,,,,,,,,,,,,,,,,,,,,,,,,,,,,,,,,,,,,,,,,,,,,,,,,,,,,,,,,,,,,,,,,,,,,,,,,,,,,
"10861	Esri Api	""[{""""FileSource"""":{""""FileRoot"""":""""dls\\Raw\\Esri Api""""","FilePath"""":""""Electric Subnet Line\\Electric Subnet Line""""","FileName"""":""""""""}}]""	""[{""""SQLSink"""":{""""ServerName"""":""""sql-ipcdev-dataservices-dev.database.windows.net""""","DatabaseName"""":""""sqldbdataservicesgis""""","SinkSchema"""":""""stagingEsri Api""""","SinkTable"""":""""Electric Subnet Line""""}}]""	NULL	""[{""""QueryPredicate"""":""""LAST_EDITED_DATE""""","QueryPredicateType"""":""""Timestamp""""}]""	Predicate	NULL	MAX(LAST_EDITED_DATE)	stagingEsri Api.usp_Load_Electric Subnet Line	NULL	20000	2	Daily	NULL	Incremental	Stage	3	1	Loading data from azure data lake storage to staging tables	37:52.8	NULL	NULL	NULL	10066	NULL",,,,,,,,,,,,,,,,,,,,,,,,,,,,,,,,,,,,,,,,,,,,,,,,,,,,,,,,,,,,,,,,,,,,,,,,,,,,,,,,,,,,,,,,,,,,,,,,,,,,,,,,,,,,,,,,,,,,,,,,,,,,,,,,,,,,,,,,,,,,,,,,,,,,,,,,,,,,,,,,,,,,,,,,,
"10919	ARCFM	""[{""""SQLSource"""":{""""ServerName"""":""""sql-ipcdev-dataservices-dev.database.windows.net""""","DatabaseName"""":""""sqldbdataservicesgis""""","SchemaName"""":""""ARCFM""""","TableName"""":""""FACILITY_CODES""""}}]""	""[{""""SQLSink"""":{""""ServerName"""":""""sql-ipcdev-dataservices-dev.database.windows.net""""","DatabaseName"""":""""sqldbdataservicesgis""""","SinkSchema"""":""""ARCFM""""","SinkTable"""":""""FACILITY_CODES""""}}]""	NULL	""[{""""No delta detect mechanism at source"""":""""""""}]""	NULL	NULL	0	ARCFM.usp_Load_FACILITY_CODES	NULL	20000	2	Daily	NULL	Full	Stage2	1	1	NULL	49:42.9	NULL	NULL	NULL	NULL	NULL",,,,,,,,,,,,,,,,,,,,,,,,,,,,,,,,,,,,,,,,,,,,,,,,,,,,,,,,,,,,,,,,,,,,,,,,,,,,,,,,,,,,,,,,,,,,,,,,,,,,,,,,,,,,,,,,,,,,,,,,,,,,,,,,,,,,,,,,,,,,,,,,,,,,,,,,,,,,,,,,,,,,,,,,,
"10921	ARCFM	""[{""""SQLSource"""":{""""ServerName"""":""""sql-ipcdev-dataservices-dev.database.windows.net""""","DatabaseName"""":""""sqldbdataservicesgis""""","SchemaName"""":""""ARCFM""""","TableName"""":""""FPI_PREDICTORS""""}}]""	""[{""""SQLSink"""":{""""ServerName"""":""""sql-ipcdev-dataservices-dev.database.windows.net""""","DatabaseName"""":""""sqldbdataservicesgis""""","SinkSchema"""":""""ARCFM""""","SinkTable"""":""""FPI_PREDICTORS""""}}]""	NULL	""[{""""No delta detect mechanism at source"""":""""""""}]""	NULL	NULL	0	ARCFM.usp_Load_FPI_PREDICTORS	NULL	20000	2	Daily	NULL	Full	Stage2	1	1	NULL	49:43.1	NULL	NULL	NULL	NULL	NULL",,,,,,,,,,,,,,,,,,,,,,,,,,,,,,,,,,,,,,,,,,,,,,,,,,,,,,,,,,,,,,,,,,,,,,,,,,,,,,,,,,,,,,,,,,,,,,,,,,,,,,,,,,,,,,,,,,,,,,,,,,,,,,,,,,,,,,,,,,,,,,,,,,,,,,,,,,,,,,,,,,,,,,,,,
"10926	Esri Api	""[{""""SQLSource"""":{""""ServerName"""":""""sql-ipcdev-dataservices-dev.database.windows.net""""","DatabaseName"""":""""sqldbdataservicesgis""""","SchemaName"""":""""EsriApi""""","TableName"""":""""ELECTRICLINE""""}}]""	""[{""""SQLSink"""":{""""ServerName"""":""""sql-ipcdev-dataservices-dev.database.windows.net""""","DatabaseName"""":""""sqldbdataservicesgis""""","SinkSchema"""":""""EsriApi""""","SinkTable"""":""""ELECTRICLINE""""}}]""	NULL	""[{""""No delta detect mechanism at source"""":""""""""}]""	NULL	NULL	0	EsriApi.usp_Load_ELECTRICLINE	NULL	20000	2	Daily	NULL	Full	Stage2	1	1	NULL	49:43.5	NULL	NULL	NULL	NULL	NULL",,,,,,,,,,,,,,,,,,,,,,,,,,,,,,,,,,,,,,,,,,,,,,,,,,,,,,,,,,,,,,,,,,,,,,,,,,,,,,,,,,,,,,,,,,,,,,,,,,,,,,,,,,,,,,,,,,,,,,,,,,,,,,,,,,,,,,,,,,,,,,,,,,,,,,,,,,,,,,,,,,,,,,,,,
